optim,name_db,type_prob,score_type,run_total,time_limit,elapsed_time,num_rows,num_cols,num_classes,train_val_size,test_size,NFS,FINAL_SCORE_VAL,FINAL_SCORE_TST,name_file,model
BO,kr-vs-kp,binary,logloss,0,120.0,3.592732302347819,3196,74,2,1598,1598,74,0.07797165010700588,0.101533,kr.csv,"LogisticRegression(C=73.86090743948587, max_iter=5000)"
BO,kr-vs-kp,binary,logloss,1,120.0,3.1447115182876586,3196,74,2,1598,1598,74,0.07307497784571292,0.101729,kr.csv,"LogisticRegression(C=77.92098399038179, max_iter=5000)"
BO,kr-vs-kp,binary,logloss,2,120.0,3.0181297103563947,3196,74,2,1598,1598,74,0.0743003780506567,0.101227,kr.csv,"LogisticRegression(C=68.01338959821062, max_iter=5000)"
BO,kr-vs-kp,binary,logloss,3,120.0,3.218427081902822,3196,74,2,1598,1598,74,0.07801227143663782,0.100216,kr.csv,"LogisticRegression(C=48.98771134704292, max_iter=5000)"
BO,kr-vs-kp,binary,logloss,4,120.0,3.173029828071594,3196,74,2,1598,1598,74,0.08018067042473964,0.100399,kr.csv,"LogisticRegression(C=52.544056310488706, max_iter=5000)"
BO,mushroom,binary,logloss,0,120.0,1.964772895971934,8124,125,2,4062,4062,125,0.0002477283285955578,4e-05,mushroom.csv,"LogisticRegression(C=926.393420128211, max_iter=5000)"
BO,mushroom,binary,logloss,1,120.0,1.9776743570963542,8124,125,2,4062,4062,125,0.00023910431061147913,3.8e-05,mushroom.csv,"LogisticRegression(C=999.3963579286084, max_iter=5000)"
BO,mushroom,binary,logloss,2,120.0,1.9309625188509623,8124,125,2,4062,4062,125,0.000692587369491456,3.9e-05,mushroom.csv,"LogisticRegression(C=954.5832763349429, max_iter=5000)"
BO,mushroom,binary,logloss,3,120.0,2.054881258805593,8124,125,2,4062,4062,125,0.00022779336136677028,3.8e-05,mushroom.csv,"LogisticRegression(C=999.8646500816892, max_iter=5000)"
BO,mushroom,binary,logloss,4,120.0,1.9940827409426372,8124,125,2,4062,4062,125,0.00020949420621465542,3.8e-05,mushroom.csv,"LogisticRegression(C=999.2458861052563, max_iter=5000)"
BO,sick,binary,logloss,0,120.0,1.8034254709879558,3772,52,2,1886,1886,52,0.10092114226404714,0.108148,sick.csv,"LogisticRegression(C=0.3282180232585708, max_iter=5000)"
BO,sick,binary,logloss,1,120.0,1.8115681370099386,3772,52,2,1886,1886,52,0.10026664542055186,0.108059,sick.csv,"LogisticRegression(C=0.3740577162421267, max_iter=5000)"
BO,sick,binary,logloss,2,120.0,1.7966310938199361,3772,52,2,1886,1886,52,0.10299500080364513,0.108324,sick.csv,"LogisticRegression(C=0.2816444008724516, max_iter=5000)"
BO,sick,binary,logloss,3,120.0,1.7183481574058532,3772,52,2,1886,1886,52,0.10045157811922223,0.108085,sick.csv,"LogisticRegression(C=0.3572964336129552, max_iter=5000)"
BO,sick,binary,logloss,4,120.0,1.8309604287147523,3772,52,2,1886,1886,52,0.10036781565264477,0.10802,sick.csv,"LogisticRegression(C=0.42284837094567157, max_iter=5000)"
BO,spambase,binary,logloss,0,120.0,1.933262038230896,4601,57,2,2300,2301,57,0.25910562968146705,0.242929,spambase.csv,"LogisticRegression(C=2.2853842035551386, max_iter=5000)"
BO,spambase,binary,logloss,1,120.0,1.6477661967277526,4601,57,2,2300,2301,57,0.26429598566689944,0.226606,spambase.csv,"LogisticRegression(C=0.6178009038324791, max_iter=5000)"
BO,spambase,binary,logloss,2,120.0,1.7972518444061278,4601,57,2,2300,2301,57,0.26741262993341286,0.226299,spambase.csv,"LogisticRegression(C=0.6002115100735682, max_iter=5000)"
BO,spambase,binary,logloss,3,120.0,1.6339543779691061,4601,57,2,2300,2301,57,0.2758697900045239,0.229054,spambase.csv,"LogisticRegression(C=0.1389776776975581, max_iter=5000)"
BO,spambase,binary,logloss,4,120.0,2.116785228252411,4601,57,2,2300,2301,57,0.2530391769315783,0.248186,spambase.csv,"LogisticRegression(C=4.153018911437969, max_iter=5000)"
BO,coil2000,binary,logloss,0,120.0,1.6357759992281595,9822,85,2,4911,4911,85,0.20763824349115487,0.203724,coil2000.csv,"LogisticRegression(C=0.016556608814162828, max_iter=5000)"
BO,coil2000,binary,logloss,1,120.0,1.5858492294947306,9822,85,2,4911,4911,85,0.2086298317379723,0.203913,coil2000.csv,"LogisticRegression(C=0.008646323821859675, max_iter=5000)"
BO,coil2000,binary,logloss,2,120.0,1.6642354249954223,9822,85,2,4911,4911,85,0.2086720510010649,0.203842,coil2000.csv,"LogisticRegression(C=0.009899630840835151, max_iter=5000)"
BO,coil2000,binary,logloss,3,120.0,1.5400129675865173,9822,85,2,4911,4911,85,0.21017456959890005,0.204142,coil2000.csv,"LogisticRegression(C=0.00646661794260885, max_iter=5000)"
BO,coil2000,binary,logloss,4,120.0,1.6154191772143045,9822,85,2,4911,4911,85,0.207737014623032,0.203733,coil2000.csv,"LogisticRegression(C=0.014650029045399734, max_iter=5000)"
BO,scene,binary,logloss,0,120.0,2.1266637484232587,2407,304,2,1203,1204,304,0.19401809273398127,0.19806,scene.csv,"LogisticRegression(C=0.35862331243973045, max_iter=5000)"
BO,scene,binary,logloss,1,120.0,2.0651882807413737,2407,304,2,1203,1204,304,0.20183750402783054,0.20371,scene.csv,"LogisticRegression(C=0.2238660545230877, max_iter=5000)"
BO,scene,binary,logloss,2,120.0,2.176844835281372,2407,304,2,1203,1204,304,0.18945045033117905,0.198887,scene.csv,"LogisticRegression(C=0.328508190807308, max_iter=5000)"
BO,scene,binary,logloss,3,120.0,2.0568722248077393,2407,304,2,1203,1204,304,0.21231773540372148,0.201059,scene.csv,"LogisticRegression(C=0.2708470080737619, max_iter=5000)"
BO,scene,binary,logloss,4,120.0,2.1230308492978414,2407,304,2,1203,1204,304,0.18167618636329103,0.198781,scene.csv,"LogisticRegression(C=0.3316167269093604, max_iter=5000)"
BO,yeast_ml8,binary,logloss,0,120.0,1.4790308316548666,2417,129,2,1208,1209,129,0.055344474344945306,0.067612,yeast.csv,"LogisticRegression(C=0.12012251896806114, max_iter=5000)"
BO,yeast_ml8,binary,logloss,2,120.0,1.4519391695658366,2417,129,2,1208,1209,129,0.06034141516239505,0.066018,yeast.csv,"LogisticRegression(C=0.08872260750794411, max_iter=5000)"
BO,yeast_ml8,binary,logloss,3,120.0,1.4657268007596334,2417,129,2,1208,1209,129,0.06053511797357379,0.067261,yeast.csv,"LogisticRegression(C=0.11332661438104409, max_iter=5000)"
BO,yeast_ml8,binary,logloss,4,120.0,1.3981581727663677,2417,129,2,1208,1209,129,0.06280165135002477,0.065497,yeast.csv,"LogisticRegression(C=0.07771898866916958, max_iter=5000)"
BO,ada_prior,binary,logloss,0,120.0,1.808798603216807,4562,102,2,2281,2281,102,0.33159654335152516,0.353052,ada.csv,"LogisticRegression(C=0.2651138500413934, max_iter=5000)"
BO,ada_prior,binary,logloss,1,120.0,1.8001723090807598,4562,102,2,2281,2281,102,0.33169959593598664,0.352891,ada.csv,"LogisticRegression(C=0.35745488650640744, max_iter=5000)"
BO,ada_prior,binary,logloss,2,120.0,1.933196524779002,4562,102,2,2281,2281,102,0.3311765361412907,0.352885,ada.csv,"LogisticRegression(C=0.39166708951188933, max_iter=5000)"
BO,ada_prior,binary,logloss,3,120.0,1.7934894243876138,4562,102,2,2281,2281,102,0.33379967279561473,0.353198,ada.csv,"LogisticRegression(C=0.23423202227436274, max_iter=5000)"
BO,ada_prior,binary,logloss,4,120.0,1.8924614191055298,4562,102,2,2281,2281,102,0.3325384378849989,0.353039,ada.csv,"LogisticRegression(C=0.26881341316931906, max_iter=5000)"
BO,sylva_prior,binary,logloss,0,120.0,2.0397594809532165,14395,108,2,7197,7198,108,0.017106572910296082,0.017613,sylva.csv,"LogisticRegression(C=0.23532336189796293, max_iter=5000)"
BO,sylva_prior,binary,logloss,1,120.0,2.2108965078989664,14395,108,2,7197,7198,108,0.015747489373676347,0.017805,sylva.csv,"LogisticRegression(C=0.3206652891495634, max_iter=5000)"
BO,sylva_prior,binary,logloss,2,120.0,1.9536204218864441,14395,108,2,7197,7198,108,0.018221613860941368,0.01754,sylva.csv,"LogisticRegression(C=0.170674574339439, max_iter=5000)"
BO,sylva_prior,binary,logloss,3,120.0,2.103262201944987,14395,108,2,7197,7198,108,0.016946782499646124,0.017649,sylva.csv,"LogisticRegression(C=0.2526615089547315, max_iter=5000)"
BO,sylva_prior,binary,logloss,4,120.0,2.117395055294037,14395,108,2,7197,7198,108,0.01760360124621537,0.017629,sylva.csv,"LogisticRegression(C=0.24274126819369637, max_iter=5000)"
BO,jm1,binary,logloss,0,120.0,1.9560252904891968,10885,21,2,5442,5443,21,0.4422207334641537,0.452223,jm1.csv,"LogisticRegression(C=0.31596714446117513, max_iter=5000)"
BO,jm1,binary,logloss,1,120.0,1.9182719508806865,10885,21,2,5442,5443,21,0.4430201687801366,0.452229,jm1.csv,"LogisticRegression(C=0.19585043756548007, max_iter=5000)"
BO,jm1,binary,logloss,2,120.0,1.9313806772232056,10885,21,2,5442,5443,21,0.4429544352543413,0.45223,jm1.csv,"LogisticRegression(C=0.20362556354803443, max_iter=5000)"
BO,jm1,binary,logloss,3,120.0,1.7375215570131937,10885,21,2,5442,5443,21,0.44353049072648343,0.452287,jm1.csv,"LogisticRegression(C=0.10389207004356518, max_iter=5000)"
BO,jm1,binary,logloss,4,120.0,1.817927114168803,10885,21,2,5442,5443,21,0.444337563074774,0.452262,jm1.csv,"LogisticRegression(C=0.12363794952961304, max_iter=5000)"
BO,mc1,binary,logloss,0,120.0,1.7809346993764241,9466,38,2,4733,4733,38,0.02801094227645674,0.029854,mc1.csv,"LogisticRegression(C=0.1174103941506556, max_iter=5000)"
BO,mc1,binary,logloss,1,120.0,1.7213762521743774,9466,38,2,4733,4733,38,0.028133471648340746,0.02986,mc1.csv,"LogisticRegression(C=0.11402861809200386, max_iter=5000)"
BO,mc1,binary,logloss,2,120.0,1.691013232866923,9466,38,2,4733,4733,38,0.029004661507673352,0.030127,mc1.csv,"LogisticRegression(C=0.05481919276818582, max_iter=5000)"
BO,mc1,binary,logloss,3,120.0,1.710001023610433,9466,38,2,4733,4733,38,0.029426157435777017,0.029924,mc1.csv,"LogisticRegression(C=0.08902901330124142, max_iter=5000)"
BO,mc1,binary,logloss,4,120.0,1.7148180603981018,9466,38,2,4733,4733,38,0.028185581236230762,0.03,mc1.csv,"LogisticRegression(C=0.07190327501377473, max_iter=5000)"
BO,kc1,binary,logloss,0,120.0,1.4973228057225545,2109,21,2,1054,1055,21,0.33724838081249014,0.369635,kc1.csv,"LogisticRegression(C=0.05809202470336528, max_iter=5000)"
BO,kc1,binary,logloss,1,120.0,1.4412436048189798,2109,21,2,1054,1055,21,0.3352679494840892,0.37071,kc1.csv,"LogisticRegression(C=0.08759243150604147, max_iter=5000)"
BO,kc1,binary,logloss,2,120.0,1.5069935997327168,2109,21,2,1054,1055,21,0.3351612970713448,0.370778,kc1.csv,"LogisticRegression(C=0.0896329501094838, max_iter=5000)"
BO,kc1,binary,logloss,3,120.0,1.4728372852007547,2109,21,2,1054,1055,21,0.34033379736591274,0.369217,kc1.csv,"LogisticRegression(C=0.046635584519268816, max_iter=5000)"
BO,kc1,binary,logloss,4,120.0,1.481899114449819,2109,21,2,1054,1055,21,0.3331406655704231,0.37236,kc1.csv,"LogisticRegression(C=0.14824379188762812, max_iter=5000)"
BO,pc2,binary,logloss,0,120.0,1.4626311500867208,5589,36,2,2794,2795,36,0.022696463393934337,0.025068,pc2.csv,"LogisticRegression(C=0.06480453088891938, max_iter=5000)"
BO,pc2,binary,logloss,1,120.0,1.4884632150332133,5589,36,2,2794,2795,36,0.023216997658231618,0.023264,pc2.csv,"LogisticRegression(C=0.03679606097070422, max_iter=5000)"
BO,pc2,binary,logloss,2,120.0,1.4166871865590414,5589,36,2,2794,2795,36,0.022440665222339666,0.025865,pc2.csv,"LogisticRegression(C=0.07933205014396782, max_iter=5000)"
BO,pc2,binary,logloss,3,120.0,1.4371182640393576,5589,36,2,2794,2795,36,0.023105134027686335,0.02583,pc2.csv,"LogisticRegression(C=0.0786675021710773, max_iter=5000)"
BO,MagicTelescope,binary,logloss,0,120.0,1.4934552907943726,19020,10,2,9510,9510,10,0.45664178846704406,0.459834,MagicTelescope.csv,"LogisticRegression(C=0.20422380185354813, max_iter=5000)"
BO,MagicTelescope,binary,logloss,1,120.0,1.0835346500078837,19020,10,2,9510,9510,10,0.4567490036693547,0.459822,MagicTelescope.csv,"LogisticRegression(C=0.4457925675408216, max_iter=5000)"
BO,MagicTelescope,binary,logloss,2,120.0,1.5111139098803201,19020,10,2,9510,9510,10,0.4566989094546705,0.459835,MagicTelescope.csv,"LogisticRegression(C=0.1986297530436662, max_iter=5000)"
BO,MagicTelescope,binary,logloss,3,120.0,1.1240289767583211,19020,10,2,9510,9510,10,0.45641203561371635,0.459826,MagicTelescope.csv,"LogisticRegression(C=0.30545122929405333, max_iter=5000)"
BO,MagicTelescope,binary,logloss,4,120.0,1.1417974789937337,19020,10,2,9510,9510,10,0.45634343761658525,0.459824,MagicTelescope.csv,"LogisticRegression(C=0.35187730373914317, max_iter=5000)"
BO,eeg-eye-state,binary,logloss,0,120.0,5.220737548669179,14980,14,2,7490,7490,14,0.6462339135393516,0.636027,eeg.csv,"LogisticRegression(C=926.1865209404938, max_iter=5000)"
BO,eeg-eye-state,binary,logloss,1,120.0,5.225798392295838,14980,14,2,7490,7490,14,0.646064616946247,0.635964,eeg.csv,"LogisticRegression(C=959.3437519836647, max_iter=5000)"
BO,eeg-eye-state,binary,logloss,2,120.0,5.195796124140421,14980,14,2,7490,7490,14,0.6463216869331223,0.635971,eeg.csv,"LogisticRegression(C=971.8140112019278, max_iter=5000)"
BO,eeg-eye-state,binary,logloss,3,120.0,5.000360520680745,14980,14,2,7490,7490,14,0.646227299009376,0.636045,eeg.csv,"LogisticRegression(C=944.4296792667362, max_iter=5000)"
BO,eeg-eye-state,binary,logloss,4,120.0,5.339453367392222,14980,14,2,7490,7490,14,0.6461167417540177,0.635962,eeg.csv,"LogisticRegression(C=999.999999999998, max_iter=5000)"
BO,ringnorm,binary,logloss,0,120.0,1.4138769865036012,7400,20,2,3700,3700,20,0.5138496540735168,0.530793,ringnorm.csv,"LogisticRegression(C=0.07126583352681676, max_iter=5000)"
BO,ringnorm,binary,logloss,1,120.0,1.381244158744812,7400,20,2,3700,3700,20,0.5126356733654704,0.530825,ringnorm.csv,"LogisticRegression(C=0.07749795023362545, max_iter=5000)"
BO,ringnorm,binary,logloss,2,120.0,1.4016935427983601,7400,20,2,3700,3700,20,0.5139344925036698,0.530821,ringnorm.csv,"LogisticRegression(C=0.07673427248212433, max_iter=5000)"
BO,ringnorm,binary,logloss,3,120.0,1.414341143767039,7400,20,2,3700,3700,20,0.5128554566345909,0.530875,ringnorm.csv,"LogisticRegression(C=0.08882387983630707, max_iter=5000)"
BO,ringnorm,binary,logloss,4,120.0,1.449734890460968,7400,20,2,3700,3700,20,0.5143758547169347,0.53079,ringnorm.csv,"LogisticRegression(C=0.07072698492332744, max_iter=5000)"
BO,twonorm,binary,logloss,0,120.0,1.5236963868141173,7400,20,2,3700,3700,20,0.053746154487632355,0.067362,twonorm.csv,"LogisticRegression(C=0.8615002950548469, max_iter=5000)"
BO,twonorm,binary,logloss,1,120.0,1.390427537759145,7400,20,2,3700,3700,20,0.055577624283168856,0.066867,twonorm.csv,"LogisticRegression(C=0.5582837317149134, max_iter=5000)"
BO,twonorm,binary,logloss,2,120.0,1.5306941946347554,7400,20,2,3700,3700,20,0.055191339359349154,0.067031,twonorm.csv,"LogisticRegression(C=0.6483426407668111, max_iter=5000)"
BO,twonorm,binary,logloss,3,120.0,1.4739540576934815,7400,20,2,3700,3700,20,0.05497478007112779,0.067058,twonorm.csv,"LogisticRegression(C=0.664448641429239, max_iter=5000)"
BO,twonorm,binary,logloss,4,120.0,1.5513047019640605,7400,20,2,3700,3700,20,0.05285541285100194,0.067601,twonorm.csv,"LogisticRegression(C=1.0573562421679341, max_iter=5000)"
BO,CreditCardSubset,binary,logloss,2,120.0,1.627202328046163,14240,30,2,7120,7120,30,0.006133777516910723,0.00834,CreditCardSubset.csv,"LogisticRegression(C=0.005449435378330966, max_iter=5000)"
BO,PhishingWebsites,binary,logloss,0,120.0,2.1901383638381957,11055,68,2,5527,5528,68,0.15189453676088166,0.142692,PhishingWebsites.csv,"LogisticRegression(C=2.463883869067203, max_iter=5000)"
BO,PhishingWebsites,binary,logloss,1,120.0,2.0076703588167826,11055,68,2,5527,5528,68,0.15276266076978567,0.143161,PhishingWebsites.csv,"LogisticRegression(C=1.187907918367478, max_iter=5000)"
BO,PhishingWebsites,binary,logloss,2,120.0,2.1146094679832457,11055,68,2,5527,5528,68,0.15327140629658206,0.143457,PhishingWebsites.csv,"LogisticRegression(C=0.9022621881026623, max_iter=5000)"
BO,PhishingWebsites,binary,logloss,3,120.0,2.141815765698751,11055,68,2,5527,5528,68,0.15257923993853606,0.143023,PhishingWebsites.csv,"LogisticRegression(C=1.4012208829800945, max_iter=5000)"
BO,PhishingWebsites,binary,logloss,4,120.0,2.2617088834444683,11055,68,2,5527,5528,68,0.15201629238338138,0.143115,PhishingWebsites.csv,"LogisticRegression(C=1.2513276311071306, max_iter=5000)"
BO,clean2,binary,logloss,0,120.0,1.8465862353642781,6598,168,2,3299,3299,168,1.1809164518127188e-05,9e-06,clean2.csv,"LogisticRegression(C=999.8376676002797, max_iter=5000)"
BO,clean2,binary,logloss,1,120.0,1.8324341217676798,6598,168,2,3299,3299,168,1.2097235594299453e-05,9e-06,clean2.csv,"LogisticRegression(C=999.999999999999, max_iter=5000)"
BO,clean2,binary,logloss,2,120.0,1.829121990998586,6598,168,2,3299,3299,168,1.1449884321851647e-05,9e-06,clean2.csv,"LogisticRegression(C=999.5603117397275, max_iter=5000)"
BO,clean2,binary,logloss,3,120.0,1.8637397209803264,6598,168,2,3299,3299,168,1.1222299730571314e-05,9e-06,clean2.csv,"LogisticRegression(C=999.3684496754653, max_iter=5000)"
BO,clean2,binary,logloss,4,120.0,1.8384132822354635,6598,168,2,3299,3299,168,1.0984100772487872e-05,9e-06,clean2.csv,"LogisticRegression(C=999.3208908584359, max_iter=5000)"
BO,churn,binary,logloss,0,120.0,1.9300933639208475,5000,33,2,2500,2500,33,0.3116772584692518,0.301954,churn.csv,"LogisticRegression(C=1.0370340206046653, max_iter=5000)"
BO,churn,binary,logloss,1,120.0,1.9918219606081644,5000,33,2,2500,2500,33,0.313546234139381,0.30164,churn.csv,"LogisticRegression(C=1.577941867326959, max_iter=5000)"
BO,churn,binary,logloss,2,120.0,1.9328169107437134,5000,33,2,2500,2500,33,0.3134392574965489,0.30174,churn.csv,"LogisticRegression(C=1.3289821436583018, max_iter=5000)"
BO,churn,binary,logloss,3,120.0,2.1308202942212424,5000,33,2,2500,2500,33,0.31391591491233606,0.301658,churn.csv,"LogisticRegression(C=1.5384003506902935, max_iter=5000)"
BO,churn,binary,logloss,4,120.0,1.9152962168057759,5000,33,2,2500,2500,33,0.315101366451814,0.302178,churn.csv,"LogisticRegression(C=0.867630920349429, max_iter=5000)"
BO,dis,binary,logloss,0,120.0,1.7398280421892802,3772,54,2,1886,1886,54,0.08174231532961732,0.068098,dis.csv,"LogisticRegression(C=1.2189932737401254, max_iter=5000)"
BO,dis,binary,logloss,1,120.0,1.5185784618059794,3772,54,2,1886,1886,54,0.08418537906750792,0.069449,dis.csv,"LogisticRegression(C=0.10519759029413718, max_iter=5000)"
BO,dis,binary,logloss,2,120.0,1.4100677371025085,3772,54,2,1886,1886,54,0.08344075001656058,0.069289,dis.csv,"LogisticRegression(C=0.14128796623718512, max_iter=5000)"
BO,dis,binary,logloss,3,120.0,1.5393335660298666,3772,54,2,1886,1886,54,0.08205644790655403,0.068753,dis.csv,"LogisticRegression(C=0.37585929121537487, max_iter=5000)"
BO,dis,binary,logloss,4,120.0,1.5730932195981344,3772,54,2,1886,1886,54,0.08334561197171271,0.068837,dis.csv,"LogisticRegression(C=0.32491404026737036, max_iter=5000)"
BO,Satellite,binary,logloss,0,120.0,1.6125303188959756,5100,36,2,2550,2550,36,0.020400967243631937,0.02063,Satellite.csv,"LogisticRegression(C=0.9502906760190089, max_iter=5000)"
BO,Satellite,binary,logloss,1,120.0,1.597573741277059,5100,36,2,2550,2550,36,0.022887673268547525,0.020707,Satellite.csv,"LogisticRegression(C=0.903180015821181, max_iter=5000)"
BO,Satellite,binary,logloss,2,120.0,1.5826845486958823,5100,36,2,2550,2550,36,0.020387492701116266,0.020132,Satellite.csv,"LogisticRegression(C=1.3836168423086612, max_iter=5000)"
BO,Satellite,binary,logloss,3,120.0,1.61113783121109,5100,36,2,2550,2550,36,0.020159833272618298,0.02005,Satellite.csv,"LogisticRegression(C=1.4907890761384057, max_iter=5000)"
BO,Satellite,binary,logloss,4,120.0,1.714980940024058,5100,36,2,2550,2550,36,0.020497465691116816,0.020113,Satellite.csv,"LogisticRegression(C=1.4070395269278115, max_iter=5000)"
BO,Titanic,binary,logloss,0,120.0,1.4419058521588644,2201,3,2,1100,1101,3,0.5344853849765732,0.516059,Titanic.csv,"LogisticRegression(C=0.10584697999940877, max_iter=5000)"
BO,Titanic,binary,logloss,1,120.0,1.4159896810849508,2201,3,2,1100,1101,3,0.5345521450210131,0.516107,Titanic.csv,"LogisticRegression(C=0.09631687674284517, max_iter=5000)"
BO,Titanic,binary,logloss,2,120.0,1.4230080684026083,2201,3,2,1100,1101,3,0.5357443915528102,0.516167,Titanic.csv,"LogisticRegression(C=0.08695126655122332, max_iter=5000)"
BO,Titanic,binary,logloss,3,120.0,1.351409649848938,2201,3,2,1100,1101,3,0.5327634976077716,0.51584,Titanic.csv,"LogisticRegression(C=0.21317485461867827, max_iter=5000)"
BO,Titanic,binary,logloss,4,120.0,1.3304006059964497,2201,3,2,1100,1101,3,0.5328270003484669,0.515815,Titanic.csv,"LogisticRegression(C=0.24674225050555076, max_iter=5000)"
BO,jasmine,binary,logloss,0,120.0,1.8059110244115193,2984,280,2,1492,1492,280,0.45173144605726423,0.444386,jasmine.csv,"LogisticRegression(C=0.028620511895830404, max_iter=5000)"
BO,jasmine,binary,logloss,1,120.0,1.7591572602589924,2984,280,2,1492,1492,280,0.4494776254101095,0.444568,jasmine.csv,"LogisticRegression(C=0.030284361668686883, max_iter=5000)"
BO,jasmine,binary,logloss,2,120.0,1.8636722167332966,2984,280,2,1492,1492,280,0.44980771034417744,0.445348,jasmine.csv,"LogisticRegression(C=0.036299592933638394, max_iter=5000)"
BO,jasmine,binary,logloss,3,120.0,1.9492116689682006,2984,280,2,1492,1492,280,0.44989211814938007,0.444414,jasmine.csv,"LogisticRegression(C=0.028890560639560275, max_iter=5000)"
BO,jasmine,binary,logloss,4,120.0,1.8250877459843953,2984,280,2,1492,1492,280,0.4497830713141333,0.444914,jasmine.csv,"LogisticRegression(C=0.03308950213403495, max_iter=5000)"
BO,madeline,binary,logloss,0,120.0,1.5870802323023478,3140,259,2,1570,1570,259,0.6737015113350628,0.670255,madeline.csv,"LogisticRegression(C=0.000974695138568608, max_iter=5000)"
BO,madeline,binary,logloss,1,120.0,1.638936491807302,3140,259,2,1570,1570,259,0.6754457746592788,0.670355,madeline.csv,"LogisticRegression(C=0.0008771113232811178, max_iter=5000)"
BO,madeline,binary,logloss,2,120.0,1.6224661906560263,3140,259,2,1570,1570,259,0.6734438060409315,0.670251,madeline.csv,"LogisticRegression(C=0.0009897787447919449, max_iter=5000)"
BO,madeline,binary,logloss,3,120.0,1.6565756916999816,3140,259,2,1570,1570,259,0.6738178789097058,0.670251,madeline.csv,"LogisticRegression(C=0.0010082451526371692, max_iter=5000)"
BO,madeline,binary,logloss,4,120.0,1.6128838737805684,3140,259,2,1570,1570,259,0.6753588014967032,0.670297,madeline.csv,"LogisticRegression(C=0.0009172703060780057, max_iter=5000)"
BO,philippine,binary,logloss,0,120.0,1.8058263659477234,5832,308,2,2916,2916,308,0.5739405457622534,0.556732,philippine.csv,"LogisticRegression(C=0.005011009313344852, max_iter=5000)"
BO,philippine,binary,logloss,1,120.0,1.8066752592722575,5832,308,2,2916,2916,308,0.5787798772182715,0.55678,philippine.csv,"LogisticRegression(C=0.0024109046042439923, max_iter=5000)"
BO,philippine,binary,logloss,2,120.0,1.8320419828097025,5832,308,2,2916,2916,308,0.574570691007792,0.556524,philippine.csv,"LogisticRegression(C=0.0031216990745677317, max_iter=5000)"
BO,philippine,binary,logloss,3,120.0,1.8400825023651124,5832,308,2,2916,2916,308,0.5714108064577552,0.556642,philippine.csv,"LogisticRegression(C=0.004588279721685211, max_iter=5000)"
BO,philippine,binary,logloss,4,120.0,1.7936441898345947,5832,308,2,2916,2916,308,0.5747657772960106,0.556517,philippine.csv,"LogisticRegression(C=0.003186132205880961, max_iter=5000)"
BO,test_dataset,binary,logloss,0,120.0,1.5102996031443279,15547,60,2,7773,7774,60,0.44838706518676136,0.45527,test.csv,"LogisticRegression(C=0.036189552701096264, max_iter=5000)"
BO,test_dataset,binary,logloss,1,120.0,1.59289896885554,15547,60,2,7773,7774,60,0.44827033074781825,0.455238,test.csv,"LogisticRegression(C=0.03403490392134966, max_iter=5000)"
BO,test_dataset,binary,logloss,2,120.0,1.5298771778742473,15547,60,2,7773,7774,60,0.44949304769981185,0.455163,test.csv,"LogisticRegression(C=0.029488516113364917, max_iter=5000)"
BO,test_dataset,binary,logloss,3,120.0,1.5123539805412292,15547,60,2,7773,7774,60,0.44924815282177644,0.455132,test.csv,"LogisticRegression(C=0.027797437917316488, max_iter=5000)"
BO,test_dataset,binary,logloss,4,120.0,1.5420579115549724,15547,60,2,7773,7774,60,0.4484263973337816,0.455161,test.csv,"LogisticRegression(C=0.029415660262414142, max_iter=5000)"
BO,compas-two-years,binary,logloss,0,120.0,1.4927737871805826,5278,19,2,2639,2639,19,0.6177786781335,0.608352,compas.csv,"LogisticRegression(C=0.09162855729453556, max_iter=5000)"
BO,compas-two-years,binary,logloss,1,120.0,1.4872480233510335,5278,19,2,2639,2639,19,0.6161000098950539,0.608286,compas.csv,"LogisticRegression(C=0.11223857541448748, max_iter=5000)"
BO,compas-two-years,binary,logloss,2,120.0,1.4946484049161275,5278,19,2,2639,2639,19,0.6165276958724535,0.608469,compas.csv,"LogisticRegression(C=0.06984787021534271, max_iter=5000)"
BO,compas-two-years,binary,logloss,3,120.0,1.508135716120402,5278,19,2,2639,2639,19,0.6177897214985076,0.608629,compas.csv,"LogisticRegression(C=0.05326676661258221, max_iter=5000)"
BO,compas-two-years,binary,logloss,4,120.0,1.5859592755635579,5278,19,2,2639,2639,19,0.6167461972270444,0.608412,compas.csv,"LogisticRegression(C=0.07892254507431316, max_iter=5000)"
BO,Long,binary,logloss,0,120.0,1.4660081386566162,4477,19,2,2238,2239,19,0.011076363630842734,0.008032,Long.csv,"LogisticRegression(C=999.999999999999, max_iter=5000)"
BO,Long,binary,logloss,1,120.0,1.6347634037335714,4477,19,2,2238,2239,19,0.010557370549291508,0.008032,Long.csv,"LogisticRegression(C=999.9999999999969, max_iter=5000)"
BO,Long,binary,logloss,2,120.0,1.7039880871772766,4477,19,2,2238,2239,19,0.011082610578339574,0.008032,Long.csv,"LogisticRegression(C=1000.0, max_iter=5000)"
BO,Long,binary,logloss,3,120.0,1.5884532610575357,4477,19,2,2238,2239,19,0.01039873979059594,0.008032,Long.csv,"LogisticRegression(C=1000.0, max_iter=5000)"
BO,Long,binary,logloss,4,120.0,1.560367194811503,4477,19,2,2238,2239,19,0.010218156192028146,0.008032,Long.csv,"LogisticRegression(C=999.999999999999, max_iter=5000)"
BO,law-school-admission-bianry,binary,logloss,0,120.0,2.017174764474233,20800,19,2,10400,10400,19,6.497790316117981e-05,5.5e-05,law.csv,"LogisticRegression(C=999.999999999998, max_iter=5000)"
BO,law-school-admission-bianry,binary,logloss,1,120.0,2.005956848462423,20800,19,2,10400,10400,19,6.489692747247366e-05,5.5e-05,law.csv,"LogisticRegression(C=999.9907328815149, max_iter=5000)"
BO,law-school-admission-bianry,binary,logloss,2,120.0,2.0410630265871683,20800,19,2,10400,10400,19,6.47074208204191e-05,5.5e-05,law.csv,"LogisticRegression(C=999.7052777270651, max_iter=5000)"
BO,law-school-admission-bianry,binary,logloss,3,120.0,2.0926103949546815,20800,19,2,10400,10400,19,6.484631677580744e-05,5.5e-05,law.csv,"LogisticRegression(C=999.8135626056948, max_iter=5000)"
BO,law-school-admission-bianry,binary,logloss,4,120.0,2.0363125006357827,20800,19,2,10400,10400,19,6.48520463351306e-05,5.5e-05,law.csv,"LogisticRegression(C=999.7487073214361, max_iter=5000)"
BO,national-longitudinal-survey-binary,binary,logloss,0,120.0,3.660727532704671,4908,80,2,2454,2454,80,0.023214791740811553,0.018436,national.csv,"LogisticRegression(C=272.58076802913274, max_iter=5000)"
BO,national-longitudinal-survey-binary,binary,logloss,1,120.0,3.6541502992312114,4908,80,2,2454,2454,80,0.01993191241400644,0.018115,national.csv,"LogisticRegression(C=338.3340686669673, max_iter=5000)"
BO,national-longitudinal-survey-binary,binary,logloss,2,120.0,3.0254103859265644,4908,80,2,2454,2454,80,0.028502132433146143,0.020206,national.csv,"LogisticRegression(C=128.1549140311927, max_iter=5000)"
BO,national-longitudinal-survey-binary,binary,logloss,3,120.0,3.5273274381955466,4908,80,2,2454,2454,80,0.025087741423595943,0.018389,national.csv,"LogisticRegression(C=282.1556016557126, max_iter=5000)"
BO,national-longitudinal-survey-binary,binary,logloss,4,120.0,3.2214671929677325,4908,80,2,2454,2454,80,0.02295180078501214,0.019228,national.csv,"LogisticRegression(C=184.11537870213084, max_iter=5000)"
BO,credit,binary,logloss,0,120.0,1.8517251054445902,16714,10,2,8357,8357,10,0.5673632652697048,0.567551,credit.csv,"LogisticRegression(C=918.9181641743652, max_iter=5000)"
BO,credit,binary,logloss,1,120.0,1.6953150868415832,16714,10,2,8357,8357,10,0.5674936972022222,0.567551,credit.csv,"LogisticRegression(C=998.9810760759892, max_iter=5000)"
BO,credit,binary,logloss,2,120.0,1.7856023828188579,16714,10,2,8357,8357,10,0.5681727807940933,0.567551,credit.csv,"LogisticRegression(C=1000.0, max_iter=5000)"
BO,credit,binary,logloss,3,120.0,1.7946991324424744,16714,10,2,8357,8357,10,0.5679043493259953,0.567551,credit.csv,"LogisticRegression(C=1000.0, max_iter=5000)"
BO,credit,binary,logloss,4,120.0,1.8029823899269104,16714,10,2,8357,8357,10,0.5687131525985434,0.567551,credit.csv,"LogisticRegression(C=1000.0, max_iter=5000)"
BO,VulNoneVul,binary,logloss,0,120.0,1.5583353718121846,5692,16,2,2846,2846,16,0.04225414679216363,0.049028,VulNoneVul.csv,"LogisticRegression(C=0.008786846913394058, max_iter=5000)"
BO,VulNoneVul,binary,logloss,1,120.0,1.547298800945282,5692,16,2,2846,2846,16,0.04280008997501679,0.04903,VulNoneVul.csv,"LogisticRegression(C=0.008824332763861945, max_iter=5000)"
BO,VulNoneVul,binary,logloss,2,120.0,1.5382526357968649,5692,16,2,2846,2846,16,0.04186800838064853,0.04929,VulNoneVul.csv,"LogisticRegression(C=0.01383834192084033, max_iter=5000)"
BO,VulNoneVul,binary,logloss,3,120.0,1.5119767944018045,5692,16,2,2846,2846,16,0.04200894991034835,0.049187,VulNoneVul.csv,"LogisticRegression(C=0.011634332055751609, max_iter=5000)"
BO,VulNoneVul,binary,logloss,4,120.0,1.546620750427246,5692,16,2,2846,2846,16,0.04269157893986909,0.048999,VulNoneVul.csv,"LogisticRegression(C=0.008323529397329235, max_iter=5000)"
BO,Intersectional-Bias-Assessment-(Training-Data),binary,logloss,0,120.0,1.6541338721911112,10000,24,2,5000,5000,24,0.050466594801100606,0.039084,Intersectional.csv,"LogisticRegression(C=1.2190738387640339, max_iter=5000)"
BO,Intersectional-Bias-Assessment-(Training-Data),binary,logloss,1,120.0,1.52163933912913,10000,24,2,5000,5000,24,0.05128583314771833,0.039084,Intersectional.csv,"LogisticRegression(C=1.218862085868058, max_iter=5000)"
BO,Intersectional-Bias-Assessment-(Training-Data),binary,logloss,2,120.0,1.6966046174367269,10000,24,2,5000,5000,24,0.05059047956343654,0.039055,Intersectional.csv,"LogisticRegression(C=1.2767120942191548, max_iter=5000)"
BO,Intersectional-Bias-Assessment-(Training-Data),binary,logloss,3,120.0,1.6041523774464925,10000,24,2,5000,5000,24,0.0515138629761391,0.039177,Intersectional.csv,"LogisticRegression(C=1.0687650637159687, max_iter=5000)"
BO,Intersectional-Bias-Assessment-(Training-Data),binary,logloss,4,120.0,1.630383515357971,10000,24,2,5000,5000,24,0.0513194569442446,0.039144,Intersectional.csv,"LogisticRegression(C=1.1165855234102358, max_iter=5000)"
BO,turing_binary,binary,logloss,0,120.0,1.515416157245636,10000,26,2,5000,5000,26,0.5726534715797215,0.574619,turing.csv,"LogisticRegression(C=0.03772367948984003, max_iter=5000)"
BO,turing_binary,binary,logloss,1,120.0,1.5286699891090394,10000,26,2,5000,5000,26,0.5732904769647258,0.574712,turing.csv,"LogisticRegression(C=0.027482912135914365, max_iter=5000)"
BO,turing_binary,binary,logloss,2,120.0,1.462403957049052,10000,26,2,5000,5000,26,0.5737759847151024,0.574662,turing.csv,"LogisticRegression(C=0.03182512247788798, max_iter=5000)"
BO,turing_binary,binary,logloss,3,120.0,1.5047386725743612,10000,26,2,5000,5000,26,0.573146145922971,0.574623,turing.csv,"LogisticRegression(C=0.03716520574728321, max_iter=5000)"
BO,turing_binary,binary,logloss,4,120.0,1.5005821347236634,10000,26,2,5000,5000,26,0.5735201083689219,0.574649,turing.csv,"LogisticRegression(C=0.033330265441647695, max_iter=5000)"
BO,ECG5000,binary,logloss,0,120.0,1.8760598103205364,4998,140,2,2499,2499,140,0.0405520847291312,0.0441,ECG5000.csv,"LogisticRegression(C=0.060650290860334015, max_iter=5000)"
BO,ECG5000,binary,logloss,1,120.0,1.7914178172747295,4998,140,2,2499,2499,140,0.04150258357837364,0.043542,ECG5000.csv,"LogisticRegression(C=0.07663959331126781, max_iter=5000)"
BO,ECG5000,binary,logloss,2,120.0,1.750701105594635,4998,140,2,2499,2499,140,0.0419885069551073,0.044526,ECG5000.csv,"LogisticRegression(C=0.05165804923084201, max_iter=5000)"
BO,ECG5000,binary,logloss,3,120.0,1.8242305517196655,4998,140,2,2499,2499,140,0.039194029277063974,0.043517,ECG5000.csv,"LogisticRegression(C=0.07754301217037443, max_iter=5000)"
BO,ECG5000,binary,logloss,4,120.0,1.8764280041058858,4998,140,2,2499,2499,140,0.041404148768300356,0.044338,ECG5000.csv,"LogisticRegression(C=0.055342516955244205, max_iter=5000)"
BO,default-of-credit-card-clients,binary,logloss,0,120.0,1.7880954305330912,30000,23,2,15000,15000,23,0.46618276832963346,0.466398,default.csv,"LogisticRegression(C=0.014701805219969449, max_iter=5000)"
BO,default-of-credit-card-clients,binary,logloss,1,120.0,1.8055464307467142,30000,23,2,15000,15000,23,0.46564674059582867,0.466402,default.csv,"LogisticRegression(C=0.020020217067433024, max_iter=5000)"
BO,default-of-credit-card-clients,binary,logloss,2,120.0,1.7707956870396933,30000,23,2,15000,15000,23,0.4660866605585257,0.466398,default.csv,"LogisticRegression(C=0.014123050597681576, max_iter=5000)"
BO,default-of-credit-card-clients,binary,logloss,3,120.0,1.7415380557378133,30000,23,2,15000,15000,23,0.46620521130447934,0.466404,default.csv,"LogisticRegression(C=0.01117490874753204, max_iter=5000)"
BO,default-of-credit-card-clients,binary,logloss,4,120.0,1.7875661492347716,30000,23,2,15000,15000,23,0.46584301533809763,0.466398,default.csv,"LogisticRegression(C=0.015931680029029716, max_iter=5000)"
BO,heloc,binary,logloss,0,120.0,1.6753843267758688,10000,22,2,5000,5000,22,0.5648979758501502,0.572188,heloc.csv,"LogisticRegression(C=0.25598591108943697, max_iter=5000)"
BO,heloc,binary,logloss,1,120.0,1.78650830189387,10000,22,2,5000,5000,22,0.5656308688838512,0.572037,heloc.csv,"LogisticRegression(C=1.795968863374697, max_iter=5000)"
BO,heloc,binary,logloss,2,120.0,1.7527212699254353,10000,22,2,5000,5000,22,0.5654044974296409,0.572058,heloc.csv,"LogisticRegression(C=0.7711659254091587, max_iter=5000)"
BO,heloc,binary,logloss,3,120.0,1.7339061657587687,10000,22,2,5000,5000,22,0.5662096778355444,0.572039,heloc.csv,"LogisticRegression(C=1.1762107070943222, max_iter=5000)"
BO,heloc,binary,logloss,4,120.0,1.7481831669807435,10000,22,2,5000,5000,22,0.5661866458711056,0.572035,heloc.csv,"LogisticRegression(C=1.3333852090103524, max_iter=5000)"
BO,shrutime,binary,logloss,0,120.0,1.5947142243385315,10000,28,2,5000,5000,28,0.3782238061755912,0.37256,shrutime.csv,"LogisticRegression(C=901.0906805882678, max_iter=5000)"
BO,shrutime,binary,logloss,1,120.0,1.6912040829658508,10000,28,2,5000,5000,28,0.3774793955170308,0.372559,shrutime.csv,"LogisticRegression(C=763.4265452541342, max_iter=5000)"
BO,shrutime,binary,logloss,2,120.0,1.6586413860321045,10000,28,2,5000,5000,28,0.37722372416780797,0.372561,shrutime.csv,"LogisticRegression(C=870.796875079032, max_iter=5000)"
BO,shrutime,binary,logloss,3,120.0,1.7447018265724181,10000,28,2,5000,5000,28,0.37718674536587665,0.372559,shrutime.csv,"LogisticRegression(C=628.909194341392, max_iter=5000)"
BO,shrutime,binary,logloss,4,120.0,1.7153696735699973,10000,28,2,5000,5000,28,0.37729856293141456,0.372561,shrutime.csv,"LogisticRegression(C=825.7855843874743, max_iter=5000)"
BO,Insurance,binary,logloss,0,120.0,1.6950774272282918,23548,73,2,11774,11774,73,0.5492570736333119,0.557813,Insurance.csv,"LogisticRegression(C=0.00015143036903168683, max_iter=5000)"
BO,Insurance,binary,logloss,1,120.0,1.485003662109375,23548,73,2,11774,11774,73,0.5492517492797224,0.557821,Insurance.csv,"LogisticRegression(C=1e-05, max_iter=5000)"
BO,Insurance,binary,logloss,2,120.0,1.5521244764328004,23548,73,2,11774,11774,73,0.5491691146322495,0.557821,Insurance.csv,"LogisticRegression(C=1e-05, max_iter=5000)"
BO,Insurance,binary,logloss,3,120.0,1.7357556581497193,23548,73,2,11774,11774,73,0.5491414915466564,0.557932,Insurance.csv,"LogisticRegression(C=0.0012234970303158616, max_iter=5000)"
BO,Insurance,binary,logloss,4,120.0,1.7996601859728496,23548,73,2,11774,11774,73,0.5491973439362896,0.558152,Insurance.csv,"LogisticRegression(C=0.002861308930838584, max_iter=5000)"
BO,Contaminant-detection-in-packaged-cocoa-hazelnut-spread-jars-using-Microwaves-Sensing-and-Machine-Learning-9.0GHz(Urbinati),binary,logloss,0,120.0,1.8000575145085653,2400,30,2,1200,1200,30,0.313513533582453,0.293776,Contaminant.csv,"LogisticRegression(C=1.6169725008944955, max_iter=5000)"
BO,Contaminant-detection-in-packaged-cocoa-hazelnut-spread-jars-using-Microwaves-Sensing-and-Machine-Learning-9.0GHz(Urbinati),binary,logloss,1,120.0,1.7285265644391379,2400,30,2,1200,1200,30,0.3090363219308868,0.293671,Contaminant.csv,"LogisticRegression(C=2.0621427691966536, max_iter=5000)"
BO,Contaminant-detection-in-packaged-cocoa-hazelnut-spread-jars-using-Microwaves-Sensing-and-Machine-Learning-9.0GHz(Urbinati),binary,logloss,2,120.0,1.7540895581245421,2400,30,2,1200,1200,30,0.3110637363792149,0.293679,Contaminant.csv,"LogisticRegression(C=2.1779657905533667, max_iter=5000)"
BO,Contaminant-detection-in-packaged-cocoa-hazelnut-spread-jars-using-Microwaves-Sensing-and-Machine-Learning-9.0GHz(Urbinati),binary,logloss,3,120.0,1.8158730705579122,2400,30,2,1200,1200,30,0.32026913697630965,0.293687,Contaminant.csv,"LogisticRegression(C=1.846124676367492, max_iter=5000)"
BO,Contaminant-detection-in-packaged-cocoa-hazelnut-spread-jars-using-Microwaves-Sensing-and-Machine-Learning-9.0GHz(Urbinati),binary,logloss,4,120.0,1.7778266350428262,2400,30,2,1200,1200,30,0.3155318829090069,0.293672,Contaminant.csv,"LogisticRegression(C=2.0073457979155758, max_iter=5000)"
BO,FICO-HELOC-cleaned,binary,logloss,0,120.0,1.6510701735814413,9871,39,2,4935,4936,39,0.542178254677772,0.559022,FICO.csv,"LogisticRegression(C=0.019517246061105237, max_iter=5000)"
BO,FICO-HELOC-cleaned,binary,logloss,1,120.0,1.7398605624834695,9871,39,2,4935,4936,39,0.5410502709683721,0.559005,FICO.csv,"LogisticRegression(C=0.028606099285253078, max_iter=5000)"
BO,FICO-HELOC-cleaned,binary,logloss,2,120.0,1.6312638481458028,9871,39,2,4935,4936,39,0.5423701180088528,0.559015,FICO.csv,"LogisticRegression(C=0.021680226839566996, max_iter=5000)"
BO,FICO-HELOC-cleaned,binary,logloss,3,120.0,1.6252707401911417,9871,39,2,4935,4936,39,0.5426752221925719,0.559009,FICO.csv,"LogisticRegression(C=0.024141923509190907, max_iter=5000)"
BO,FICO-HELOC-cleaned,binary,logloss,4,120.0,1.6566813349723817,9871,39,2,4935,4936,39,0.5424104761371581,0.559028,FICO.csv,"LogisticRegression(C=0.018506472911263738, max_iter=5000)"
BO,COIL2000-train,binary,logloss,0,120.0,1.642548644542694,5822,150,2,2911,2911,150,0.20203171953464,0.210398,COIL2000.csv,"LogisticRegression(C=0.010378029131028884, max_iter=5000)"
BO,COIL2000-train,binary,logloss,1,120.0,1.6149105906486512,5822,150,2,2911,2911,150,0.20317220491256233,0.210359,COIL2000.csv,"LogisticRegression(C=0.010212328929685087, max_iter=5000)"
BO,COIL2000-train,binary,logloss,2,120.0,1.6583647926648457,5822,150,2,2911,2911,150,0.20656077589677352,0.209306,COIL2000.csv,"LogisticRegression(C=0.0060246853922083605, max_iter=5000)"
BO,COIL2000-train,binary,logloss,3,120.0,1.7037808299064636,5822,150,2,2911,2911,150,0.20418933182105317,0.209908,COIL2000.csv,"LogisticRegression(C=0.008355979024914742, max_iter=5000)"
BO,COIL2000-train,binary,logloss,4,120.0,1.5949233969052632,5822,150,2,2911,2911,150,0.2012893710392401,0.210667,COIL2000.csv,"LogisticRegression(C=0.011575877669287919, max_iter=5000)"
BO,Ailerons,regression,MSE/RMSE,0,120.0,30.757301870981852,13750,40,35,6875,6875,40,0.15679367925578783,0.394206,Ailerons.csv,"KernelRidge(alpha=1e-05, gamma=3.227985972676824e-05, kernel='rbf')"
BO,Ailerons,regression,MSE/RMSE,1,120.0,30.783316703637443,13750,40,35,6875,6875,40,0.15666209463079364,0.394583,Ailerons.csv,"KernelRidge(alpha=0.00011002009908021087, gamma=9.605302919382148e-05,
            kernel='rbf')"
BO,Ailerons,regression,MSE/RMSE,2,120.0,31.2249813914299,13750,40,35,6875,6875,40,0.1572222761349576,0.394177,Ailerons.csv,"KernelRidge(alpha=1e-05, gamma=3.143313732440833e-05, kernel='rbf')"
BO,Ailerons,regression,MSE/RMSE,3,120.0,30.743578338623045,13750,40,35,6875,6875,40,0.15757696059288068,0.394315,Ailerons.csv,"KernelRidge(alpha=4.863585080141755e-05, gamma=6.03363102475493e-05,
            kernel='rbf')"
BO,Ailerons,regression,MSE/RMSE,4,120.0,30.58643651008606,13750,40,35,6875,6875,40,0.15593615015722156,0.394388,Ailerons.csv,"KernelRidge(alpha=1.77120726916393e-05, gamma=4.6156148776079404e-05,
            kernel='rbf')"
BO,ailerons,regression,MSE/RMSE,0,120.0,30.776546108722687,13750,40,35,6875,6875,40,0.15679367925578783,0.394206,ailerons.csv,"KernelRidge(alpha=1e-05, gamma=3.227985972676824e-05, kernel='rbf')"
BO,ailerons,regression,MSE/RMSE,1,120.0,30.843345042069753,13750,40,35,6875,6875,40,0.15666209463079364,0.394583,ailerons.csv,"KernelRidge(alpha=0.00011002009908021087, gamma=9.605302919382148e-05,
            kernel='rbf')"
BO,ailerons,regression,MSE/RMSE,2,120.0,31.169290431340535,13750,40,35,6875,6875,40,0.1572222761349576,0.394177,ailerons.csv,"KernelRidge(alpha=1e-05, gamma=3.143313732440833e-05, kernel='rbf')"
BO,ailerons,regression,MSE/RMSE,3,120.0,30.862627867857615,13750,40,35,6875,6875,40,0.15757696059288068,0.394315,ailerons.csv,"KernelRidge(alpha=4.863585080141755e-05, gamma=6.03363102475493e-05,
            kernel='rbf')"
BO,ailerons,regression,MSE/RMSE,4,120.0,30.73212413787842,13750,40,35,6875,6875,40,0.15593615015722156,0.394388,ailerons.csv,"KernelRidge(alpha=1.77120726916393e-05, gamma=4.6156148776079404e-05,
            kernel='rbf')"
BO,naval_propulsion_plant,regression,MSE/RMSE,0,120.0,25.22257375717163,11934,14,51,5967,5967,14,2.934733031706439e-06,0.001452,naval.csv,"KernelRidge(alpha=1.0018710699910929e-05, gamma=1.190712237485989, kernel='rbf')"
BO,naval_propulsion_plant,regression,MSE/RMSE,1,120.0,25.258817009131114,11934,14,51,5967,5967,14,2.9431457537937216e-06,0.001467,naval.csv,"KernelRidge(alpha=1.0003578224991465e-05, gamma=1.0680706176665085,
            kernel='rbf')"
BO,naval_propulsion_plant,regression,MSE/RMSE,2,120.0,25.468083902200064,11934,14,51,5967,5967,14,2.9668204396443323e-06,0.001496,naval.csv,"KernelRidge(alpha=1e-05, gamma=0.8935829368346853, kernel='rbf')"
BO,naval_propulsion_plant,regression,MSE/RMSE,3,120.0,24.57071410814921,11934,14,51,5967,5967,14,3.0124382126959247e-06,0.001509,naval.csv,"KernelRidge(alpha=1e-05, gamma=0.8324524269978212, kernel='rbf')"
BO,naval_propulsion_plant,regression,MSE/RMSE,4,120.0,24.76421310106913,11934,14,51,5967,5967,14,2.96254840642474e-06,0.001472,naval.csv,"KernelRidge(alpha=1.0003594454508771e-05, gamma=1.0300918673406856,
            kernel='rbf')"
BO,elevators,regression,MSE/RMSE,0,120.0,47.33020886182785,16599,18,61,8299,8300,18,0.10139308893147292,0.314524,elevators.csv,"KernelRidge(alpha=0.0029256081049319187, gamma=0.013350937981790734,
            kernel='rbf')"
BO,elevators,regression,MSE/RMSE,1,120.0,47.71154157718023,16599,18,61,8299,8300,18,0.10154859725328222,0.314442,elevators.csv,"KernelRidge(alpha=0.003479845312422194, gamma=0.014162042185240375,
            kernel='rbf')"
BO,elevators,regression,MSE/RMSE,2,120.0,47.16747991243998,16599,18,61,8299,8300,18,0.1013058349022379,0.314763,elevators.csv,"KernelRidge(alpha=0.0022939732971901665, gamma=0.011979870913638965,
            kernel='rbf')"
BO,elevators,regression,MSE/RMSE,3,120.0,47.39314046700795,16599,18,61,8299,8300,18,0.10234337125260176,0.314669,elevators.csv,"KernelRidge(alpha=0.0025394791503631758, gamma=0.012242294286555872,
            kernel='rbf')"
BO,elevators,regression,MSE/RMSE,4,120.0,46.82359096606572,16599,18,61,8299,8300,18,0.1030980930757961,0.314649,elevators.csv,"KernelRidge(alpha=0.0028605863896567613, gamma=0.012147321510698696,
            kernel='rbf')"
BO,fifa,regression,MSE/RMSE,0,120.0,57.43185609579086,18063,5,133,9031,9032,5,0.3804647132417972,0.60251,fifa.csv,"KernelRidge(alpha=0.004254170272322617, gamma=0.04710326977177893, kernel='rbf')"
BO,fifa,regression,MSE/RMSE,1,120.0,56.988335982958475,18063,5,133,9031,9032,5,0.38306605469915656,0.603056,fifa.csv,"KernelRidge(alpha=0.003820051546299429, gamma=0.043637593206151966,
            kernel='rbf')"
BO,fifa,regression,MSE/RMSE,2,120.0,56.88124294281006,18063,5,133,9031,9032,5,0.37808039819248024,0.602936,fifa.csv,"KernelRidge(alpha=0.0069050234797659316, gamma=0.06714643366650172,
            kernel='rbf')"
BO,fifa,regression,MSE/RMSE,3,120.0,57.532993002732596,18063,5,133,9031,9032,5,0.3798841891829654,0.602768,fifa.csv,"KernelRidge(alpha=0.006144682219182547, gamma=0.06385793131581992, kernel='rbf')"
BO,fifa,regression,MSE/RMSE,4,120.0,56.83783356348673,18063,5,133,9031,9032,5,0.3808941930586048,0.602219,fifa.csv,"KernelRidge(alpha=0.009589904404805736, gamma=0.06672827639926905, kernel='rbf')"
BO,avocado_sales,regression,MSE/RMSE,0,120.0,59.74954056739807,18249,67,259,9124,9125,67,0.17371506385554772,0.388653,avocado.csv,"KernelRidge(alpha=0.0012285446201945813, gamma=0.06581680791819573,
            kernel='rbf')"
BO,avocado_sales,regression,MSE/RMSE,1,120.0,59.43761976957321,18249,67,259,9124,9125,67,0.17200147865980536,0.387173,avocado.csv,"KernelRidge(alpha=0.0014208484157985576, gamma=0.07349755838165888,
            kernel='rbf')"
BO,avocado_sales,regression,MSE/RMSE,2,120.0,59.28497804403305,18249,67,259,9124,9125,67,0.16902318765622576,0.3865,avocado.csv,"KernelRidge(alpha=0.0015630553942449358, gamma=0.07832093992792663,
            kernel='rbf')"
BO,avocado_sales,regression,MSE/RMSE,3,120.0,58.09054268995921,18249,67,259,9124,9125,67,0.16705574889927038,0.38568,avocado.csv,"KernelRidge(alpha=0.0014204102975091696, gamma=0.07941990598235936,
            kernel='rbf')"
BO,avocado_sales,regression,MSE/RMSE,4,120.0,58.76038717428843,18249,67,259,9124,9125,67,0.1719228883107987,0.386766,avocado.csv,"KernelRidge(alpha=0.0020204531715088715, gamma=0.08408733758205897,
            kernel='rbf')"
BO,mtp,regression,MSE/RMSE,0,120.0,3.980751880009969,4450,202,800,2225,2225,202,0.5148253630814429,0.731694,mtp.csv,"KernelRidge(alpha=0.002441927911487592, gamma=1e-05, kernel='rbf')"
BO,mtp,regression,MSE/RMSE,1,120.0,3.7165738383928937,4450,202,800,2225,2225,202,0.44863847300176,0.683984,mtp.csv,"KernelRidge(alpha=0.14439562642966927, gamma=0.002658730222262209, kernel='rbf')"
BO,mtp,regression,MSE/RMSE,2,120.0,3.6078134099642436,4450,202,800,2225,2225,202,0.44901284186034995,0.685088,mtp.csv,"KernelRidge(alpha=0.13450102947257545, gamma=0.0021849458150204524,
            kernel='rbf')"
BO,mtp,regression,MSE/RMSE,3,120.0,4.009264810880025,4450,202,800,2225,2225,202,0.45090593970631787,0.68384,mtp.csv,"KernelRidge(alpha=0.14517311965613447, gamma=0.002726524570697241, kernel='rbf')"
BO,mtp,regression,MSE/RMSE,4,120.0,3.562807250022888,4450,202,800,2225,2225,202,0.4632412027919138,0.686996,mtp.csv,"KernelRidge(alpha=0.10627134737248264, gamma=0.0014925922017763205,
            kernel='rbf')"
BO,Kaggle_bike_sharing_demand_challange,regression,MSE/RMSE,0,120.0,19.774829971790314,10886,47,822,5443,5443,47,0.15683285039972952,0.387421,Kaggle.csv,"KernelRidge(alpha=0.05171873320329441, gamma=0.059728745066865326, kernel='rbf')"
BO,Kaggle_bike_sharing_demand_challange,regression,MSE/RMSE,1,120.0,19.54505215883255,10886,47,822,5443,5443,47,0.15779897226359277,0.387407,Kaggle.csv,"KernelRidge(alpha=0.05872526944612961, gamma=0.06289187397827672, kernel='rbf')"
BO,Kaggle_bike_sharing_demand_challange,regression,MSE/RMSE,2,120.0,19.643561879793804,10886,47,822,5443,5443,47,0.15667099410885799,0.38744,Kaggle.csv,"KernelRidge(alpha=0.05353788900577953, gamma=0.05785489654188046, kernel='rbf')"
BO,Kaggle_bike_sharing_demand_challange,regression,MSE/RMSE,3,120.0,19.287509508927663,10886,47,822,5443,5443,47,0.160317785770488,0.387415,Kaggle.csv,"KernelRidge(alpha=0.05979934640734104, gamma=0.06405328032040569, kernel='rbf')"
BO,Kaggle_bike_sharing_demand_challange,regression,MSE/RMSE,4,120.0,19.611440825462342,10886,47,822,5443,5443,47,0.1607903775577702,0.387625,Kaggle.csv,"KernelRidge(alpha=0.07338789368371129, gamma=0.0744143150189184, kernel='rbf')"
BO,ames_housing,regression,MSE/RMSE,0,120.0,2.319855757554372,2930,354,1032,1465,1465,354,0.06369517644199284,0.388938,ames.csv,"KernelRidge(alpha=0.012935002624265711, gamma=0.0015951159152554348,
            kernel='rbf')"
BO,ames_housing,regression,MSE/RMSE,1,120.0,2.224424739678701,2930,354,1032,1465,1465,354,0.06223124899876705,0.445927,ames.csv,"KernelRidge(alpha=0.0037373439950066107, gamma=0.0007367615868004736,
            kernel='rbf')"
BO,ames_housing,regression,MSE/RMSE,2,120.0,2.294275466601054,2930,354,1032,1465,1465,354,0.0635610893543282,0.46393,ames.csv,"KernelRidge(alpha=0.0024754305170735283, gamma=0.000560171649941673,
            kernel='rbf')"
BO,ames_housing,regression,MSE/RMSE,3,120.0,2.3666738073031106,2930,354,1032,1465,1465,354,0.06623635927187521,0.458541,ames.csv,"KernelRidge(alpha=0.0034104449242171302, gamma=0.0005010465114661957,
            kernel='rbf')"
BO,ames_housing,regression,MSE/RMSE,4,120.0,2.2131945570309957,2930,354,1032,1465,1465,354,0.062224830713635625,0.452589,ames.csv,"KernelRidge(alpha=0.003693217622908616, gamma=0.000609751323600414,
            kernel='rbf')"
BO,yprop_4_1,regression,MSE/RMSE,0,120.0,13.828720239798228,8885,251,1336,4442,4443,251,1.0447124577211728,0.914519,yprop.csv,"KernelRidge(alpha=3.978213294780243, gamma=0.00787052437921231, kernel='rbf')"
BO,yprop_4_1,regression,MSE/RMSE,1,120.0,13.78766649166743,8885,251,1336,4442,4443,251,1.0456171518432644,0.914673,yprop.csv,"KernelRidge(alpha=4.104562294917264, gamma=0.009087092890217124, kernel='rbf')"
BO,yprop_4_1,regression,MSE/RMSE,2,120.0,13.311004555225372,8885,251,1336,4442,4443,251,1.0459699452939106,0.915267,yprop.csv,"KernelRidge(alpha=4.917399624025168, gamma=0.007050406270502582, kernel='rbf')"
BO,yprop_4_1,regression,MSE/RMSE,3,120.0,13.854542863368987,8885,251,1336,4442,4443,251,1.051258112012878,0.917497,yprop.csv,"KernelRidge(alpha=7.616566275993854, gamma=0.005443529240461457, kernel='rbf')"
BO,yprop_4_1,regression,MSE/RMSE,4,120.0,13.67956070502599,8885,251,1336,4442,4443,251,1.0496705407911446,0.917242,yprop.csv,"KernelRidge(alpha=3.0326079249832985, gamma=0.020157431890975998, kernel='rbf')"
BO,topo_2_1,regression,MSE/RMSE,0,120.0,13.378705819447836,8885,266,1336,4442,4443,266,1.0330643010801783,0.92486,topo.csv,"KernelRidge(alpha=6.185817133641031, gamma=0.006593232062643333, kernel='rbf')"
BO,topo_2_1,regression,MSE/RMSE,1,120.0,13.28675273656845,8885,266,1336,4442,4443,266,1.0339851874307684,0.925427,topo.csv,"KernelRidge(alpha=6.077808265148211, gamma=0.008264246824595525, kernel='rbf')"
BO,topo_2_1,regression,MSE/RMSE,2,120.0,13.692485857009888,8885,266,1336,4442,4443,266,1.0338443298269844,0.924942,topo.csv,"KernelRidge(alpha=5.956687211539874, gamma=0.007029537077545094, kernel='rbf')"
BO,topo_2_1,regression,MSE/RMSE,3,120.0,13.376243162155152,8885,266,1336,4442,4443,266,1.0381223334343797,0.924648,topo.csv,"KernelRidge(alpha=6.752530770922392, gamma=0.005469265267680273, kernel='rbf')"
BO,topo_2_1,regression,MSE/RMSE,4,120.0,13.600587701797485,8885,266,1336,4442,4443,266,1.031851065112992,0.924744,topo.csv,"KernelRidge(alpha=5.113318132274707, gamma=0.007294700063969811, kernel='rbf')"
BO,SAT11-HAND-runtime-regression,regression,MSE/RMSE,0,120.0,3.7756919781366984,4440,130,1945,2220,2220,130,0.3267304082590671,0.518639,SAT11.csv,"KernelRidge(alpha=0.02274555724499077, gamma=0.021791307847557586, kernel='rbf')"
BO,SAT11-HAND-runtime-regression,regression,MSE/RMSE,1,120.0,3.6448789119720457,4440,130,1945,2220,2220,130,0.32586412616775473,0.51453,SAT11.csv,"KernelRidge(alpha=0.011471451755093379, gamma=0.015538908331664943,
            kernel='rbf')"
BO,SAT11-HAND-runtime-regression,regression,MSE/RMSE,2,120.0,3.6021563331286113,4440,130,1945,2220,2220,130,0.33838380898581877,0.521927,SAT11.csv,"KernelRidge(alpha=0.026212929099965625, gamma=0.026734272171856, kernel='rbf')"
BO,SAT11-HAND-runtime-regression,regression,MSE/RMSE,3,120.0,3.9126107811927797,4440,130,1945,2220,2220,130,0.33386657972732264,0.514668,SAT11.csv,"KernelRidge(alpha=0.013881051451504896, gamma=0.016174302330958987,
            kernel='rbf')"
BO,SAT11-HAND-runtime-regression,regression,MSE/RMSE,4,120.0,3.5828655918439227,4440,130,1945,2220,2220,130,0.3436181052643284,0.518884,SAT11.csv,"KernelRidge(alpha=0.02275342073384532, gamma=0.02216050666483176, kernel='rbf')"
BO,house_16H,regression,MSE/RMSE,0,120.0,96.15556027889252,22784,16,2045,11392,11392,16,0.4036646000990382,0.649295,house.csv,"KernelRidge(alpha=0.12681037495541198, gamma=0.132655670621015, kernel='rbf')"
BO,house_16H,regression,MSE/RMSE,1,120.0,95.63991551796595,22784,16,2045,11392,11392,16,0.4060017269284426,0.649258,house.csv,"KernelRidge(alpha=0.12976187138471873, gamma=0.13332266461726525, kernel='rbf')"
BO,house_16H,regression,MSE/RMSE,2,120.0,95.14367384910584,22784,16,2045,11392,11392,16,0.40583192009563324,0.649172,house.csv,"KernelRidge(alpha=0.13976375477974842, gamma=0.13594965787312044, kernel='rbf')"
BO,house_16H,regression,MSE/RMSE,3,120.0,95.12964433828989,22784,16,2045,11392,11392,16,0.4070394257495982,0.649188,house.csv,"KernelRidge(alpha=0.13523788256334793, gamma=0.1334190104175655, kernel='rbf')"
BO,house_16H,regression,MSE/RMSE,4,120.0,102.55737719535827,22784,16,2045,11392,11392,16,0.412326315516817,0.649263,house.csv,"KernelRidge(alpha=0.13795201035254775, gamma=0.14014083093646795, kernel='rbf')"
BO,MiamiHousing2016,regression,MSE/RMSE,0,120.0,32.81445204019546,13932,16,2111,6966,6966,16,0.08755641204572968,0.308069,MiamiHousing2016.csv,"KernelRidge(alpha=0.000354720430603598, gamma=0.00796973391401413, kernel='rbf')"
BO,MiamiHousing2016,regression,MSE/RMSE,1,120.0,32.79589874347051,13932,16,2111,6966,6966,16,0.08676183663502565,0.306575,MiamiHousing2016.csv,"KernelRidge(alpha=0.0005293295382877753, gamma=0.00895688477136162,
            kernel='rbf')"
BO,MiamiHousing2016,regression,MSE/RMSE,2,120.0,32.67385002374649,13932,16,2111,6966,6966,16,0.08888882602370991,0.309342,MiamiHousing2016.csv,"KernelRidge(alpha=0.00024364400562372276, gamma=0.00679556005880949,
            kernel='rbf')"
BO,MiamiHousing2016,regression,MSE/RMSE,3,120.0,32.799211740493774,13932,16,2111,6966,6966,16,0.087930677693422,0.305828,MiamiHousing2016.csv,"KernelRidge(alpha=0.000643401002167249, gamma=0.008492844561171718,
            kernel='rbf')"
BO,MiamiHousing2016,regression,MSE/RMSE,4,120.0,32.80845556656519,13932,16,2111,6966,6966,16,0.08683340144547938,0.319032,MiamiHousing2016.csv,"KernelRidge(alpha=2.370657576351747e-05, gamma=0.0033834498771157877,
            kernel='rbf')"
BO,miami_housing,regression,MSE/RMSE,0,120.0,32.8564289132754,13932,15,2111,6966,6966,15,0.09014596311088319,0.313418,miami.csv,"KernelRidge(alpha=0.0008177237373522748, gamma=0.011107431613869853,
            kernel='rbf')"
BO,miami_housing,regression,MSE/RMSE,1,120.0,32.837792539596556,13932,15,2111,6966,6966,15,0.09021336100437861,0.312146,miami.csv,"KernelRidge(alpha=0.0011029399166980018, gamma=0.012267393603642571,
            kernel='rbf')"
BO,miami_housing,regression,MSE/RMSE,2,120.0,32.58748497168223,13932,15,2111,6966,6966,15,0.09185194684620043,0.316011,miami.csv,"KernelRidge(alpha=0.00028878445934848996, gamma=0.0068278024645100485,
            kernel='rbf')"
BO,miami_housing,regression,MSE/RMSE,3,120.0,32.927319113413496,13932,15,2111,6966,6966,15,0.09121110642426075,0.311738,miami.csv,"KernelRidge(alpha=0.0009629987607852216, gamma=0.010243673408447038,
            kernel='rbf')"
BO,miami_housing,regression,MSE/RMSE,4,120.0,32.555209056536356,13932,15,2111,6966,6966,15,0.09057131344435641,0.326768,miami.csv,"KernelRidge(alpha=4.060946431884501e-05, gamma=0.004109455926771667,
            kernel='rbf')"
BO,superconduct,regression,MSE/RMSE,0,120.0,83.127327867349,21263,81,3007,10631,10632,81,0.12198432207020282,0.342618,superconduct.csv,"KernelRidge(alpha=0.015076030304248342, gamma=0.03949137949062445, kernel='rbf')"
BO,superconduct,regression,MSE/RMSE,1,120.0,82.81265855232874,21263,81,3007,10631,10632,81,0.11973712183874097,0.342996,superconduct.csv,"KernelRidge(alpha=0.013689457914874534, gamma=0.03990389950582655, kernel='rbf')"
BO,superconduct,regression,MSE/RMSE,2,120.0,81.8814051191012,21263,81,3007,10631,10632,81,0.12103252615965329,0.342759,superconduct.csv,"KernelRidge(alpha=0.014306323626049921, gamma=0.03918459122005982, kernel='rbf')"
BO,superconduct,regression,MSE/RMSE,3,120.0,82.26401787598928,21263,81,3007,10631,10632,81,0.12148204620024002,0.343288,superconduct.csv,"KernelRidge(alpha=0.01473355747357411, gamma=0.04453443660652738, kernel='rbf')"
BO,superconduct,regression,MSE/RMSE,4,120.0,83.49789544343949,21263,81,3007,10631,10632,81,0.12054187724523772,0.34273,superconduct.csv,"KernelRidge(alpha=0.015410404195177927, gamma=0.04140033320479176, kernel='rbf')"
BO,IEEE80211aa-GATS,regression,MSE/RMSE,0,120.0,3.087386604150136,4046,35,3415,2023,2023,35,0.007119719589757914,0.102329,IEEE80211aa.csv,"KernelRidge(alpha=9.66099541697261e-05, gamma=0.0026013879358017735,
            kernel='rbf')"
BO,IEEE80211aa-GATS,regression,MSE/RMSE,1,120.0,2.9866742889086404,4046,35,3415,2023,2023,35,0.005760748964560614,0.100561,IEEE80211aa.csv,"KernelRidge(alpha=8.143042967893199e-05, gamma=0.003489687171282914,
            kernel='rbf')"
BO,IEEE80211aa-GATS,regression,MSE/RMSE,2,120.0,2.914971033732096,4046,35,3415,2023,2023,35,0.005960847935940974,0.104402,IEEE80211aa.csv,"KernelRidge(alpha=0.00011348840384971057, gamma=0.00416095476442146,
            kernel='rbf')"
BO,IEEE80211aa-GATS,regression,MSE/RMSE,3,120.0,3.049663050969442,4046,35,3415,2023,2023,35,0.005517227304052019,0.101967,IEEE80211aa.csv,"KernelRidge(alpha=9.411729128185948e-05, gamma=0.0036876701309420364,
            kernel='rbf')"
BO,IEEE80211aa-GATS,regression,MSE/RMSE,4,120.0,2.955123833815257,4046,35,3415,2023,2023,35,0.006942535629156851,0.131816,IEEE80211aa.csv,"KernelRidge(alpha=0.0006306760212019179, gamma=0.008645086666237443,
            kernel='rbf')"
BO,kings_county,regression,MSE/RMSE,0,120.0,84.6713294506073,21613,132,4028,10806,10807,132,0.09955206246626232,0.357323,kings.csv,"KernelRidge(alpha=0.00042008284289212297, gamma=0.0009083642403302427,
            kernel='rbf')"
BO,kings_county,regression,MSE/RMSE,1,120.0,86.55984135071436,21613,132,4028,10806,10807,132,0.09543940754530719,0.357824,kings.csv,"KernelRidge(alpha=0.00040853434147263636, gamma=0.0010408420926229967,
            kernel='rbf')"
BO,kings_county,regression,MSE/RMSE,2,120.0,84.9911468664805,21613,132,4028,10806,10807,132,0.0991245936523644,0.355793,kings.csv,"KernelRidge(alpha=0.0005672993746385107, gamma=0.001123431571996548,
            kernel='rbf')"
BO,kings_county,regression,MSE/RMSE,3,120.0,86.13293323119481,21613,132,4028,10806,10807,132,0.09904065465196006,0.35258,kings.csv,"KernelRidge(alpha=0.001045732308643712, gamma=0.00137523219555158, kernel='rbf')"
BO,kings_county,regression,MSE/RMSE,4,120.0,85.04951057831447,21613,132,4028,10806,10807,132,0.09808024397432445,0.359778,kings.csv,"KernelRidge(alpha=0.00027892184570414496, gamma=0.0008072089811166258,
            kernel='rbf')"
BO,bank32nh,regression,MSE/RMSE,0,120.0,11.3818119486173,8192,32,6284,4096,4096,32,0.44545653545322195,0.662876,bank32nh.csv,"KernelRidge(alpha=0.12932936427498937, gamma=0.003452417737008966, kernel='rbf')"
BO,bank32nh,regression,MSE/RMSE,1,120.0,11.412533009052277,8192,32,6284,4096,4096,32,0.44828744500191275,0.663687,bank32nh.csv,"KernelRidge(alpha=0.32251317262714324, gamma=0.005624444579166984, kernel='rbf')"
BO,bank32nh,regression,MSE/RMSE,2,120.0,11.527879265944163,8192,32,6284,4096,4096,32,0.4436979494276514,0.663131,bank32nh.csv,"KernelRidge(alpha=0.29460049027431934, gamma=0.005999819706638462, kernel='rbf')"
BO,bank32nh,regression,MSE/RMSE,3,120.0,11.738107875982921,8192,32,6284,4096,4096,32,0.44323605605358213,0.662841,bank32nh.csv,"KernelRidge(alpha=0.14061267913224673, gamma=0.003662580056890226, kernel='rbf')"
BO,bank32nh,regression,MSE/RMSE,4,120.0,11.501158114274343,8192,32,6284,4096,4096,32,0.4475513878668805,0.663555,bank32nh.csv,"KernelRidge(alpha=0.18755359751798087, gamma=0.0038857727108303885,
            kernel='rbf')"
BO,Job_Profitability,regression,MSE/RMSE,0,120.0,34.68111068805059,14480,32,7275,7240,7240,32,1.392387625853426,0.748732,Job.csv,"KernelRidge(alpha=5.721627816480722, gamma=0.3239537827591922, kernel='rbf')"
BO,Job_Profitability,regression,MSE/RMSE,1,120.0,36.13151642481486,14480,32,7275,7240,7240,32,1.3906435222519695,0.750359,Job.csv,"KernelRidge(alpha=5.446393291080883, gamma=0.616292228525542, kernel='rbf')"
BO,Job_Profitability,regression,MSE/RMSE,2,120.0,35.17081909974416,14480,32,7275,7240,7240,32,1.3967500594691622,0.747311,Job.csv,"KernelRidge(alpha=12.600610024896412, gamma=0.4978328191785376, kernel='rbf')"
BO,Job_Profitability,regression,MSE/RMSE,3,120.0,35.14181615908941,14480,32,7275,7240,7240,32,1.4028290880446488,0.746545,Job.csv,"KernelRidge(alpha=13.725720607770311, gamma=0.29086960189379607, kernel='rbf')"
BO,Job_Profitability,regression,MSE/RMSE,4,120.0,34.58654004732768,14480,32,7275,7240,7240,32,1.393141313100447,0.747991,Job.csv,"KernelRidge(alpha=6.725433533991331, gamma=0.27648378271077606, kernel='rbf')"
BO,puma32H,regression,MSE/RMSE,0,120.0,11.33779316743215,8192,32,7861,4096,4096,32,0.6955627030051759,0.856211,puma32H.csv,"KernelRidge(alpha=1e-05, gamma=0.04996217731861404, kernel='rbf')"
BO,puma32H,regression,MSE/RMSE,1,120.0,11.032792349656424,8192,32,7861,4096,4096,32,0.7022667448164412,0.856683,puma32H.csv,"KernelRidge(alpha=3.7930401426967165e-05, gamma=0.05227831466635182,
            kernel='rbf')"
BO,puma32H,regression,MSE/RMSE,2,120.0,11.13483922481537,8192,32,7861,4096,4096,32,0.6908862235121098,0.854951,puma32H.csv,"KernelRidge(alpha=7.516885378332045e-05, gamma=0.041560988661022875,
            kernel='rbf')"
BO,puma32H,regression,MSE/RMSE,3,120.0,11.309199814001719,8192,32,7861,4096,4096,32,0.7039052336339643,0.856073,puma32H.csv,"KernelRidge(alpha=1.0694531783982177e-05, gamma=0.04922937493045473,
            kernel='rbf')"
BO,puma32H,regression,MSE/RMSE,4,120.0,11.37256091038386,8192,32,7861,4096,4096,32,0.6974082248764042,0.85617,puma32H.csv,"KernelRidge(alpha=1.155307746412829e-05, gamma=0.04974856171042584,
            kernel='rbf')"
BO,grid_stability,regression,MSE/RMSE,0,120.0,16.1559299548467,10000,12,10000,5000,5000,12,0.046256764028101666,0.21125,grid.csv,"KernelRidge(alpha=0.027974725982389596, gamma=0.059661839634114776,
            kernel='rbf')"
BO,grid_stability,regression,MSE/RMSE,1,120.0,16.429935518900553,10000,12,10000,5000,5000,12,0.0450191448430133,0.211565,grid.csv,"KernelRidge(alpha=0.021002055019323007, gamma=0.0569387194438916, kernel='rbf')"
BO,grid_stability,regression,MSE/RMSE,2,120.0,16.072806815306347,10000,12,10000,5000,5000,12,0.04666012386007984,0.211543,grid.csv,"KernelRidge(alpha=0.02518251208560223, gamma=0.06108296112892816, kernel='rbf')"
BO,grid_stability,regression,MSE/RMSE,3,120.0,16.328778139750163,10000,12,10000,5000,5000,12,0.04613144947166056,0.211333,grid.csv,"KernelRidge(alpha=0.024534479188603468, gamma=0.05793070266827816, kernel='rbf')"
BO,grid_stability,regression,MSE/RMSE,4,120.0,16.01944597562154,10000,12,10000,5000,5000,12,0.046415106917447185,0.211581,grid.csv,"KernelRidge(alpha=0.02586084893109891, gamma=0.0620702678106739, kernel='rbf')"
BO,splice,multiclass,f1_macro,0,120.0,1.964689322312673,3190,287,3,1595,1595,287,0.9586980599777011,0.941926,splice.csv,"LogisticRegression(C=0.024504079607415994, max_iter=5000)"
BO,splice,multiclass,f1_macro,1,120.0,2.019729022185008,3190,287,3,1595,1595,287,0.9579052236429536,0.940217,splice.csv,"LogisticRegression(C=0.03462527439845297, max_iter=5000)"
BO,splice,multiclass,f1_macro,2,120.0,1.9649143973986307,3190,287,3,1595,1595,287,0.9592056950819922,0.941926,splice.csv,"LogisticRegression(C=0.022891872739287694, max_iter=5000)"
BO,splice,multiclass,f1_macro,3,120.0,2.0008433858553567,3190,287,3,1595,1595,287,0.9616741334879068,0.94102,splice.csv,"LogisticRegression(C=0.017163745397157953, max_iter=5000)"
BO,splice,multiclass,f1_macro,4,120.0,2.0402667045593263,3190,287,3,1595,1595,287,0.9569057183253996,0.941697,splice.csv,"LogisticRegression(C=0.04843148952077677, max_iter=5000)"
BO,waveform-5000,multiclass,f1_macro,0,120.0,1.6651146451632182,5000,40,3,2500,2500,40,0.8701719680579492,0.867223,waveform.csv,"LogisticRegression(C=0.020728982305957246, max_iter=5000)"
BO,waveform-5000,multiclass,f1_macro,1,120.0,1.6509481946627298,5000,40,3,2500,2500,40,0.8696154258287565,0.867615,waveform.csv,"LogisticRegression(C=0.01725707438813412, max_iter=5000)"
BO,waveform-5000,multiclass,f1_macro,2,120.0,1.8021417260169983,5000,40,3,2500,2500,40,0.8663822838254337,0.86183,waveform.csv,"LogisticRegression(C=0.002577370448698611, max_iter=5000)"
BO,waveform-5000,multiclass,f1_macro,3,120.0,1.6037727832794189,5000,40,3,2500,2500,40,0.8670002256032712,0.865596,waveform.csv,"LogisticRegression(C=0.011559932451215279, max_iter=5000)"
BO,waveform-5000,multiclass,f1_macro,4,120.0,1.5056064009666443,5000,40,3,2500,2500,40,0.8674383557919049,0.860948,waveform.csv,"LogisticRegression(C=0.0018959731189736693, max_iter=5000)"
BO,eye_movements,multiclass,f1_macro,0,120.0,2.343024794260661,10936,30,3,5468,5468,30,0.5146803501834716,0.511485,eye.csv,"LogisticRegression(C=0.0208473318327725, max_iter=5000)"
BO,eye_movements,multiclass,f1_macro,1,120.0,2.4654359738032023,10936,30,3,5468,5468,30,0.5133882150533289,0.513583,eye.csv,"LogisticRegression(C=0.046841508514772416, max_iter=5000)"
BO,eye_movements,multiclass,f1_macro,2,120.0,1.9501313845316568,10936,30,3,5468,5468,30,0.510384926833095,0.512069,eye.csv,"LogisticRegression(C=0.010064063411394106, max_iter=5000)"
BO,eye_movements,multiclass,f1_macro,3,120.0,2.1913140455881757,10936,30,3,5468,5468,30,0.5143352658592129,0.511554,eye.csv,"LogisticRegression(C=0.02499771733283938, max_iter=5000)"
BO,eye_movements,multiclass,f1_macro,4,120.0,2.1156559785207114,10936,30,3,5468,5468,30,0.5124979658354369,0.511485,eye.csv,"LogisticRegression(C=0.020720604545800356, max_iter=5000)"
BO,autoUniv-au4-2500,multiclass,f1_macro,0,120.0,2.280180029074351,2500,226,3,1250,1250,226,0.3710007879347912,0.385786,autoUniv.csv,"LogisticRegression(C=0.014792870736842724, max_iter=5000)"
BO,autoUniv-au4-2500,multiclass,f1_macro,1,120.0,2.2242198665936788,2500,226,3,1250,1250,226,0.3737516994275406,0.393588,autoUniv.csv,"LogisticRegression(C=0.177636606589098, max_iter=5000)"
BO,autoUniv-au4-2500,multiclass,f1_macro,2,120.0,3.1330008784929912,2500,226,3,1250,1250,226,0.3726239411139708,0.407924,autoUniv.csv,"LogisticRegression(C=1.6917310349342014, max_iter=5000)"
BO,autoUniv-au4-2500,multiclass,f1_macro,3,120.0,2.3606488068898517,2500,226,3,1250,1250,226,0.3763921069388251,0.389388,autoUniv.csv,"LogisticRegression(C=0.11780846445360131, max_iter=5000)"
BO,autoUniv-au4-2500,multiclass,f1_macro,4,120.0,3.041852064927419,2500,226,3,1250,1250,226,0.37366323584903627,0.409067,autoUniv.csv,"LogisticRegression(C=1.4810747045866368, max_iter=5000)"
BO,dna,multiclass,f1_macro,0,120.0,3.225359813372294,3186,360,3,1593,1593,360,0.9331576947334019,0.942093,dna.csv,"LogisticRegression(C=0.0747620445421146, max_iter=5000)"
BO,dna,multiclass,f1_macro,1,120.0,3.5243967374165854,3186,360,3,1593,1593,360,0.9346855630685523,0.941417,dna.csv,"LogisticRegression(C=0.09045739855277225, max_iter=5000)"
BO,dna,multiclass,f1_macro,2,120.0,3.2862814108530682,3186,360,3,1593,1593,360,0.9343311718586534,0.943968,dna.csv,"LogisticRegression(C=0.06631409276748133, max_iter=5000)"
BO,dna,multiclass,f1_macro,3,120.0,3.284366953372955,3186,360,3,1593,1593,360,0.9389803752312249,0.944009,dna.csv,"LogisticRegression(C=0.06928793773751368, max_iter=5000)"
BO,dna,multiclass,f1_macro,4,120.0,3.7256596326828,3186,360,3,1593,1593,360,0.9374084357781728,0.938303,dna.csv,"LogisticRegression(C=0.14351937967989037, max_iter=5000)"
BO,allbp,multiclass,f1_macro,0,120.0,10.8736252506574,3772,54,3,1886,1886,54,0.647051750656828,0.669555,allbp.csv,"LogisticRegression(C=79.06349900584333, max_iter=5000)"
BO,allbp,multiclass,f1_macro,1,120.0,6.750959491729736,3772,54,3,1886,1886,54,0.6323175832678607,0.655249,allbp.csv,"LogisticRegression(C=13.285685203376289, max_iter=5000)"
BO,allbp,multiclass,f1_macro,2,120.0,8.171136931578319,3772,54,3,1886,1886,54,0.6213256479021337,0.669555,allbp.csv,"LogisticRegression(C=33.788015990247104, max_iter=5000)"
BO,allbp,multiclass,f1_macro,3,120.0,5.096756680806478,3772,54,3,1886,1886,54,0.5477529445202746,0.660798,allbp.csv,"LogisticRegression(C=3.3383100847959404, max_iter=5000)"
BO,allbp,multiclass,f1_macro,4,120.0,12.895759534835815,3772,54,3,1886,1886,54,0.6559483663234207,0.701105,allbp.csv,"LogisticRegression(C=291.15762463347124, max_iter=5000)"
BO,jungle_chess_2pcs_endgame_panther_lion,multiclass,f1_macro,0,120.0,11.701122319698333,4704,75,3,2352,2352,75,0.9549424647331646,0.965231,jungle.csv,"LogisticRegression(C=136.2021635265941, max_iter=5000)"
BO,jungle_chess_2pcs_endgame_panther_lion,multiclass,f1_macro,1,120.0,13.010203572114309,4704,75,3,2352,2352,75,0.9618139837702037,0.963556,jungle.csv,"LogisticRegression(C=211.91180299788914, max_iter=5000)"
BO,jungle_chess_2pcs_endgame_panther_lion,multiclass,f1_macro,2,120.0,12.394182340304058,4704,75,3,2352,2352,75,0.9691905198002532,0.96326,jungle.csv,"LogisticRegression(C=186.21004614156266, max_iter=5000)"
BO,jungle_chess_2pcs_endgame_panther_lion,multiclass,f1_macro,3,120.0,11.874471255143483,4704,75,3,2352,2352,75,0.9550202174023346,0.96326,jungle.csv,"LogisticRegression(C=176.20465743325977, max_iter=5000)"
BO,jungle_chess_2pcs_endgame_panther_lion,multiclass,f1_macro,4,120.0,13.850232728322347,4704,75,3,2352,2352,75,0.9583268493104906,0.964147,jungle.csv,"LogisticRegression(C=298.76528610838324, max_iter=5000)"
BO,hypothyroid,multiclass,f1_macro,0,120.0,11.995402948061626,3772,52,4,1886,1886,52,0.7856995539670276,0.62436,hypothyroid.csv,"LogisticRegression(C=90.33381912308295, max_iter=5000)"
BO,hypothyroid,multiclass,f1_macro,1,120.0,10.451731089750925,3772,52,4,1886,1886,52,0.7942140076349627,0.62436,hypothyroid.csv,"LogisticRegression(C=49.5626241021134, max_iter=5000)"
BO,hypothyroid,multiclass,f1_macro,2,120.0,8.917809422810873,3772,52,4,1886,1886,52,0.7721286251470634,0.626273,hypothyroid.csv,"LogisticRegression(C=24.682124893787194, max_iter=5000)"
BO,hypothyroid,multiclass,f1_macro,3,120.0,8.084951305389405,3772,52,4,1886,1886,52,0.765118942050665,0.626565,hypothyroid.csv,"LogisticRegression(C=8.328409184168589, max_iter=5000)"
BO,hypothyroid,multiclass,f1_macro,4,120.0,11.84181025425593,3772,52,4,1886,1886,52,0.8025169369342183,0.62436,hypothyroid.csv,"LogisticRegression(C=85.1084714131131, max_iter=5000)"
BO,wall-robot-navigation,multiclass,f1_macro,0,120.0,2.940059947967529,5456,24,4,2728,2728,24,0.6764785607569734,0.677439,wall.csv,"LogisticRegression(C=136.2021635265941, max_iter=5000)"
BO,wall-robot-navigation,multiclass,f1_macro,1,120.0,2.883188203970591,5456,24,4,2728,2728,24,0.6685746575979667,0.678108,wall.csv,"LogisticRegression(C=14.016010123328183, max_iter=5000)"
BO,wall-robot-navigation,multiclass,f1_macro,2,120.0,2.96693483988444,5456,24,4,2728,2728,24,0.6686315359210299,0.6783,wall.csv,"LogisticRegression(C=25.353383822256205, max_iter=5000)"
BO,wall-robot-navigation,multiclass,f1_macro,3,120.0,2.986582314968109,5456,24,4,2728,2728,24,0.6733279125551543,0.678108,wall.csv,"LogisticRegression(C=13.171906139373863, max_iter=5000)"
BO,wall-robot-navigation,multiclass,f1_macro,4,120.0,2.9138444026311237,5456,24,4,2728,2728,24,0.6756531148785931,0.678353,wall.csv,"LogisticRegression(C=995.6202459611686, max_iter=5000)"
BO,page-blocks,multiclass,f1_macro,0,120.0,3.421886169910431,5473,10,5,2736,2737,10,0.791956443335844,0.820174,page.csv,"LogisticRegression(C=1.8356942656176873, max_iter=5000)"
BO,page-blocks,multiclass,f1_macro,1,120.0,10.018750882148742,5473,10,5,2736,2737,10,0.8124861025389665,0.761323,page.csv,"LogisticRegression(C=462.5032932437539, max_iter=5000)"
BO,page-blocks,multiclass,f1_macro,2,120.0,5.9182321429252625,5473,10,5,2736,2737,10,0.7824349199361509,0.800305,page.csv,"LogisticRegression(C=19.594794467348116, max_iter=5000)"
BO,page-blocks,multiclass,f1_macro,3,120.0,4.632894158363342,5473,10,5,2736,2737,10,0.8361570597379148,0.802829,page.csv,"LogisticRegression(C=23.163806283085055, max_iter=5000)"
BO,page-blocks,multiclass,f1_macro,4,120.0,3.760327426592509,5473,10,5,2736,2737,10,0.7959376944404454,0.801573,page.csv,"LogisticRegression(C=10.592100010086117, max_iter=5000)"
BO,GesturePhaseSegmentationProcessed,multiclass,f1_macro,0,120.0,3.169234065214793,9873,32,5,4936,4937,32,0.33942083531006173,0.348485,GesturePhaseSegmentationProcessed.csv,"LogisticRegression(C=136.2021635265941, max_iter=5000)"
BO,GesturePhaseSegmentationProcessed,multiclass,f1_macro,1,120.0,3.3346876819928486,9873,32,5,4936,4937,32,0.32693735074339536,0.348485,GesturePhaseSegmentationProcessed.csv,"LogisticRegression(C=985.5943662517752, max_iter=5000)"
BO,GesturePhaseSegmentationProcessed,multiclass,f1_macro,2,120.0,3.0921663800875345,9873,32,5,4936,4937,32,0.3318549470595928,0.348589,GesturePhaseSegmentationProcessed.csv,"LogisticRegression(C=25.915798992385255, max_iter=5000)"
BO,GesturePhaseSegmentationProcessed,multiclass,f1_macro,3,120.0,3.199070159594218,9873,32,5,4936,4937,32,0.3373639978962411,0.348485,GesturePhaseSegmentationProcessed.csv,"LogisticRegression(C=392.5247919299213, max_iter=5000)"
BO,GesturePhaseSegmentationProcessed,multiclass,f1_macro,4,120.0,3.2471616228421527,9873,32,5,4936,4937,32,0.3279738939704808,0.346031,GesturePhaseSegmentationProcessed.csv,"LogisticRegression(C=1.2958802285971511, max_iter=5000)"
BO,thyroid-allbp,multiclass,f1_macro,0,120.0,6.610118464628855,2800,46,5,1400,1400,46,0.47033993413086606,0.488498,thyroid.csv,"LogisticRegression(C=1.8626548642066147, max_iter=5000)"
BO,thyroid-allbp,multiclass,f1_macro,1,120.0,6.956061613559723,2800,46,5,1400,1400,46,0.46887318093387265,0.493833,thyroid.csv,"LogisticRegression(C=5.167167595296845, max_iter=5000)"
BO,thyroid-allbp,multiclass,f1_macro,2,120.0,13.675422024726867,2800,46,5,1400,1400,46,0.46969319869533194,0.494579,thyroid.csv,"LogisticRegression(C=269.6415678714171, max_iter=5000)"
BO,thyroid-allbp,multiclass,f1_macro,3,120.0,12.33783818880717,2800,46,5,1400,1400,46,0.44928122712454666,0.494579,thyroid.csv,"LogisticRegression(C=130.0127828890694, max_iter=5000)"
BO,thyroid-allbp,multiclass,f1_macro,4,120.0,11.48388333717982,2800,46,5,1400,1400,46,0.46028721240650805,0.494579,thyroid.csv,"LogisticRegression(C=269.5201404087095, max_iter=5000)"
BO,microaggregation2,multiclass,f1_macro,0,120.0,14.482478896776835,20000,20,5,10000,10000,20,0.23470615319437121,0.239442,microaggregation2.csv,"LogisticRegression(C=11.096116669441386, max_iter=5000)"
BO,microaggregation2,multiclass,f1_macro,1,120.0,13.07609209616979,20000,20,5,10000,10000,20,0.23600840880448598,0.239696,microaggregation2.csv,"LogisticRegression(C=181.55570892812847, max_iter=5000)"
BO,microaggregation2,multiclass,f1_macro,2,120.0,13.144946638743082,20000,20,5,10000,10000,20,0.23736269671718485,0.239511,microaggregation2.csv,"LogisticRegression(C=78.3473791286672, max_iter=5000)"
BO,microaggregation2,multiclass,f1_macro,3,120.0,12.937581630547841,20000,20,5,10000,10000,20,0.2366981019808183,0.239987,microaggregation2.csv,"LogisticRegression(C=335.2009640614209, max_iter=5000)"
BO,microaggregation2,multiclass,f1_macro,4,120.0,12.333674013614655,20000,20,5,10000,10000,20,0.2386854550957183,0.239749,microaggregation2.csv,"LogisticRegression(C=896.1552412163668, max_iter=5000)"
BO,satimage,multiclass,f1_macro,0,120.0,4.386882781982422,6430,36,6,3215,3215,36,0.8147223493458956,0.803608,satimage.csv,"LogisticRegression(C=1.4331741577327983, max_iter=5000)"
BO,satimage,multiclass,f1_macro,1,120.0,8.65015033086141,6430,36,6,3215,3215,36,0.8168142782313875,0.80567,satimage.csv,"LogisticRegression(C=44.656093174744576, max_iter=5000)"
BO,satimage,multiclass,f1_macro,2,120.0,8.234570411841075,6430,36,6,3215,3215,36,0.8095205861449418,0.80567,satimage.csv,"LogisticRegression(C=53.02725088874921, max_iter=5000)"
BO,satimage,multiclass,f1_macro,3,120.0,6.0556944886843365,6430,36,6,3215,3215,36,0.8137761175421957,0.803475,satimage.csv,"LogisticRegression(C=7.4463576511659815, max_iter=5000)"
BO,satimage,multiclass,f1_macro,4,120.0,5.964815104007721,6430,36,6,3215,3215,36,0.8154312662643118,0.806033,satimage.csv,"LogisticRegression(C=6.168128074683709, max_iter=5000)"
BO,cjs,multiclass,f1_macro,0,120.0,2.8266316334406536,2796,99,6,1398,1398,99,0.9970401474788103,0.996483,cjs.csv,"LogisticRegression(C=136.2021635265941, max_iter=5000)"
BO,cjs,multiclass,f1_macro,1,120.0,2.8832884669303893,2796,99,6,1398,1398,99,0.9968101958568676,0.997342,cjs.csv,"LogisticRegression(C=462.5032932437539, max_iter=5000)"
BO,cjs,multiclass,f1_macro,2,120.0,2.9453434546788535,2796,99,6,1398,1398,99,0.9937071883093811,0.996483,cjs.csv,"LogisticRegression(C=269.6415678714171, max_iter=5000)"
BO,cjs,multiclass,f1_macro,3,120.0,2.836884927749634,2796,99,6,1398,1398,99,0.9972207413340651,0.997342,cjs.csv,"LogisticRegression(C=1000.0, max_iter=5000)"
BO,cjs,multiclass,f1_macro,4,120.0,3.0310505549112956,2796,99,6,1398,1398,99,0.994602237987692,0.997342,cjs.csv,"LogisticRegression(C=780.1046478426799, max_iter=5000)"
BO,first-order-theorem-proving,multiclass,f1_macro,0,120.0,7.287488675117492,6118,51,6,3059,3059,51,0.33998136590673084,0.322873,first.csv,"LogisticRegression(C=8.861273377613404, max_iter=5000)"
BO,first-order-theorem-proving,multiclass,f1_macro,1,120.0,11.178509545326232,6118,51,6,3059,3059,51,0.3408406622303727,0.323113,first.csv,"LogisticRegression(C=23.246341987998218, max_iter=5000)"
BO,first-order-theorem-proving,multiclass,f1_macro,2,120.0,8.323322816689808,6118,51,6,3059,3059,51,0.3441423196098914,0.323324,first.csv,"LogisticRegression(C=11.928129666786917, max_iter=5000)"
BO,first-order-theorem-proving,multiclass,f1_macro,3,120.0,5.295616563161214,6118,51,6,3059,3059,51,0.33660181892298024,0.320953,first.csv,"LogisticRegression(C=1.4356243017940906, max_iter=5000)"
BO,first-order-theorem-proving,multiclass,f1_macro,4,120.0,13.03339724143346,6118,51,6,3059,3059,51,0.3369616993460289,0.322817,first.csv,"LogisticRegression(C=127.56265722471838, max_iter=5000)"
BO,gas-drift,multiclass,f1_macro,0,120.0,35.75422212282817,13910,128,6,6955,6955,128,0.9906473018135336,0.989073,gas.csv,"LogisticRegression(C=51.01895595067505, max_iter=5000)"
BO,gas-drift,multiclass,f1_macro,1,120.0,29.259153207143147,13910,128,6,6955,6955,128,0.991284851543438,0.988874,gas.csv,"LogisticRegression(C=12.642205415917479, max_iter=5000)"
BO,gas-drift,multiclass,f1_macro,2,120.0,18.59938162167867,13910,128,6,6955,6955,128,0.9903268601191488,0.987824,gas.csv,"LogisticRegression(C=3.4933800201120424, max_iter=5000)"
BO,gas-drift,multiclass,f1_macro,3,120.0,31.628003708521526,13910,128,6,6955,6955,128,0.9907695593998769,0.988935,gas.csv,"LogisticRegression(C=28.134262457590477, max_iter=5000)"
BO,gas-drift,multiclass,f1_macro,4,120.0,17.643693908055624,13910,128,6,6955,6955,128,0.990545270985554,0.98747,gas.csv,"LogisticRegression(C=2.2035880392865517, max_iter=5000)"
BO,segment,multiclass,f1_macro,0,120.0,12.54118439356486,2310,19,7,1155,1155,19,0.9515732491543369,0.94737,segment.csv,"LogisticRegression(C=402.1444739460461, max_iter=5000)"
BO,segment,multiclass,f1_macro,1,120.0,15.284278543790181,2310,19,7,1155,1155,19,0.9517470213436701,0.948249,segment.csv,"LogisticRegression(C=1000.0, max_iter=5000)"
BO,segment,multiclass,f1_macro,2,120.0,7.496881024042765,2310,19,7,1155,1155,19,0.9547988818902906,0.95149,segment.csv,"LogisticRegression(C=81.09901336831906, max_iter=5000)"
BO,segment,multiclass,f1_macro,3,120.0,15.788277085622152,2310,19,7,1155,1155,19,0.9536905708472705,0.948249,segment.csv,"LogisticRegression(C=1000.0, max_iter=5000)"
BO,segment,multiclass,f1_macro,4,120.0,7.994657770792643,2310,19,7,1155,1155,19,0.9478263570373697,0.950561,segment.csv,"LogisticRegression(C=104.97318773167228, max_iter=5000)"
BO,wine_quality,multiclass,f1_macro,0,120.0,4.1294740001360575,6497,11,7,3248,3249,11,0.22718695346885517,0.23432,wine.csv,"LogisticRegression(C=1.3638209356825455, max_iter=5000)"
BO,wine_quality,multiclass,f1_macro,1,120.0,4.034281710783641,6497,11,7,3248,3249,11,0.23976042210742654,0.23432,wine.csv,"LogisticRegression(C=1.110683862069933, max_iter=5000)"
BO,wine_quality,multiclass,f1_macro,2,120.0,3.6582292636235554,6497,11,7,3248,3249,11,0.23734760790852674,0.233749,wine.csv,"LogisticRegression(C=0.8009248852760528, max_iter=5000)"
BO,wine_quality,multiclass,f1_macro,3,120.0,4.800149444739024,6497,11,7,3248,3249,11,0.2357868699982392,0.235057,wine.csv,"LogisticRegression(C=3.0633464725788406, max_iter=5000)"
BO,wine_quality,multiclass,f1_macro,4,120.0,4.409675041834514,6497,11,7,3248,3249,11,0.2294334710099902,0.23432,wine.csv,"LogisticRegression(C=1.246928848122547, max_iter=5000)"
BO,white_wine,multiclass,f1_macro,0,120.0,2.593087935447693,4898,11,7,2449,2449,11,0.22726968823901328,0.22218,white.csv,"LogisticRegression(C=0.24575820789209968, max_iter=5000)"
BO,white_wine,multiclass,f1_macro,1,120.0,3.398717717329661,4898,11,7,2449,2449,11,0.2488940402009471,0.225661,white.csv,"LogisticRegression(C=1.1521308427163324, max_iter=5000)"
BO,white_wine,multiclass,f1_macro,2,120.0,2.6300058126449586,4898,11,7,2449,2449,11,0.27496076659147783,0.222142,white.csv,"LogisticRegression(C=0.23021263794634186, max_iter=5000)"
BO,white_wine,multiclass,f1_macro,3,120.0,3.2978339195251465,4898,11,7,2449,2449,11,0.2526450485528823,0.221033,white.csv,"LogisticRegression(C=0.12255778978088852, max_iter=5000)"
BO,white_wine,multiclass,f1_macro,4,120.0,2.7927907665570575,4898,11,7,2449,2449,11,0.24704846453626456,0.222468,white.csv,"LogisticRegression(C=0.2651775837676701, max_iter=5000)"
BO,Indian_pines,multiclass,f1_macro,0,120.0,66.00270488262177,9144,220,8,4572,4572,220,0.8181200500843978,0.830215,Indian.csv,"LogisticRegression(C=582.1819610924532, max_iter=5000)"
BO,Indian_pines,multiclass,f1_macro,1,120.0,117.15133765538533,9144,220,8,4572,4572,220,0.7984545650439059,0.846125,Indian.csv,"LogisticRegression(C=914.960261599947, max_iter=5000)"
BO,Indian_pines,multiclass,f1_macro,2,120.0,70.14213595390319,9144,220,8,4572,4572,220,0.793363286535377,0.841406,Indian.csv,"LogisticRegression(C=278.6255448708909, max_iter=5000)"
BO,Indian_pines,multiclass,f1_macro,3,120.0,69.41483189264933,9144,220,8,4572,4572,220,0.8009355576278903,0.841329,Indian.csv,"LogisticRegression(C=790.571403110094, max_iter=5000)"
BO,Indian_pines,multiclass,f1_macro,4,120.0,67.86743799448013,9144,220,8,4572,4572,220,0.8106816804866945,0.830145,Indian.csv,"LogisticRegression(C=970.6857652286712, max_iter=5000)"
BO,JapaneseVowels,multiclass,f1_macro,0,120.0,12.408430469036102,9961,14,9,4980,4981,14,0.9366895932520374,0.935808,JapaneseVowels.csv,"LogisticRegression(C=347.2440493982043, max_iter=5000)"
BO,JapaneseVowels,multiclass,f1_macro,1,120.0,6.2236738483111065,9961,14,9,4980,4981,14,0.9353067785711453,0.935592,JapaneseVowels.csv,"LogisticRegression(C=15.734130450699501, max_iter=5000)"
BO,JapaneseVowels,multiclass,f1_macro,2,120.0,9.928522769610087,9961,14,9,4980,4981,14,0.935302087645985,0.935821,JapaneseVowels.csv,"LogisticRegression(C=100.00535038272653, max_iter=5000)"
BO,JapaneseVowels,multiclass,f1_macro,3,120.0,11.942413993676503,9961,14,9,4980,4981,14,0.9353991867138965,0.935573,JapaneseVowels.csv,"LogisticRegression(C=288.47943684344494, max_iter=5000)"
BO,JapaneseVowels,multiclass,f1_macro,4,120.0,11.14534878730774,9961,14,9,4980,4981,14,0.9363058198474908,0.935348,JapaneseVowels.csv,"LogisticRegression(C=198.75519007117612, max_iter=5000)"
BO,optdigits,multiclass,f1_macro,0,120.0,3.327153976758321,5620,64,10,2810,2810,64,0.9658703228258381,0.973016,optdigits.csv,"LogisticRegression(C=0.425388483773131, max_iter=5000)"
BO,optdigits,multiclass,f1_macro,1,120.0,3.3995248476664224,5620,64,10,2810,2810,64,0.9642197679138362,0.971617,optdigits.csv,"LogisticRegression(C=0.5068552514398175, max_iter=5000)"
BO,optdigits,multiclass,f1_macro,2,120.0,3.0845855991045634,5620,64,10,2810,2810,64,0.9629129556071032,0.972002,optdigits.csv,"LogisticRegression(C=0.099636325594359, max_iter=5000)"
BO,optdigits,multiclass,f1_macro,3,120.0,4.058268717924753,5620,64,10,2810,2810,64,0.9640305737324415,0.969809,optdigits.csv,"LogisticRegression(C=1.2496219708159206, max_iter=5000)"
BO,optdigits,multiclass,f1_macro,4,120.0,3.9379263520240784,5620,64,10,2810,2810,64,0.9646912902962264,0.969809,optdigits.csv,"LogisticRegression(C=1.3079199926853702, max_iter=5000)"
BO,pendigits,multiclass,f1_macro,0,120.0,41.852541681130724,10992,16,10,5496,5496,16,0.9526240262718784,0.95147,pendigits.csv,"LogisticRegression(C=619.8499221690778, max_iter=5000)"
BO,pendigits,multiclass,f1_macro,1,120.0,7.63845477104187,10992,16,10,5496,5496,16,0.9501871027855749,0.947283,pendigits.csv,"LogisticRegression(C=2.039864500867291, max_iter=5000)"
BO,pendigits,multiclass,f1_macro,2,120.0,8.645725313822428,10992,16,10,5496,5496,16,0.9533407442695527,0.948897,pendigits.csv,"LogisticRegression(C=4.260042771087204, max_iter=5000)"
BO,pendigits,multiclass,f1_macro,3,120.0,12.284554215272268,10992,16,10,5496,5496,16,0.9524391806059912,0.949657,pendigits.csv,"LogisticRegression(C=15.514395338336051, max_iter=5000)"
BO,pendigits,multiclass,f1_macro,4,120.0,10.104647103945414,10992,16,10,5496,5496,16,0.952746711724114,0.949454,pendigits.csv,"LogisticRegression(C=5.307071379594303, max_iter=5000)"
BO,cardiotocography,multiclass,f1_macro,0,120.0,1.3372583468755086,2126,35,10,1063,1063,35,1.0,1.0,cardiotocography.csv,"LogisticRegression(C=0.24575820789209968, max_iter=5000)"
BO,cardiotocography,multiclass,f1_macro,1,120.0,1.2600899895032247,2126,35,10,1063,1063,35,1.0,1.0,cardiotocography.csv,"LogisticRegression(C=0.9481349774055033, max_iter=5000)"
BO,cardiotocography,multiclass,f1_macro,2,120.0,1.8991451303164164,2126,35,10,1063,1063,35,1.0,1.0,cardiotocography.csv,"LogisticRegression(C=0.047559917793295825, max_iter=5000)"
BO,cardiotocography,multiclass,f1_macro,3,120.0,1.3448438366254172,2126,35,10,1063,1063,35,1.0,1.0,cardiotocography.csv,"LogisticRegression(C=288.47943684344494, max_iter=5000)"
BO,cardiotocography,multiclass,f1_macro,4,120.0,1.400889805952708,2126,35,10,1063,1063,35,1.0,1.0,cardiotocography.csv,"LogisticRegression(C=0.016017268861312037, max_iter=5000)"
BO,led24,multiclass,f1_macro,0,120.0,2.462196612358093,3200,48,10,1600,1600,48,0.7258095724489289,0.710088,led24.csv,"LogisticRegression(C=0.2001419100461863, max_iter=5000)"
BO,led24,multiclass,f1_macro,1,120.0,2.1935023427009583,3200,48,10,1600,1600,48,0.7336512149568809,0.712054,led24.csv,"LogisticRegression(C=0.025115806281948233, max_iter=5000)"
BO,led24,multiclass,f1_macro,2,120.0,2.008576198418935,3200,48,10,1600,1600,48,0.7306449181345591,0.712982,led24.csv,"LogisticRegression(C=0.0278060550778697, max_iter=5000)"
BO,led24,multiclass,f1_macro,3,120.0,2.844422201315562,3200,48,10,1600,1600,48,0.7334348907856082,0.710562,led24.csv,"LogisticRegression(C=0.5042403277300734, max_iter=5000)"
BO,led24,multiclass,f1_macro,4,120.0,2.0407123366991677,3200,48,10,1600,1600,48,0.73151907284992,0.711914,led24.csv,"LogisticRegression(C=0.04591959752836736, max_iter=5000)"
BO,USPS,multiclass,f1_macro,0,120.0,11.089082038402557,9298,256,10,4649,4649,256,0.9400152472821169,0.939853,USPS.csv,"LogisticRegression(C=0.09612283626488966, max_iter=5000)"
BO,USPS,multiclass,f1_macro,1,120.0,9.424986437956493,9298,256,10,4649,4649,256,0.9395271042300324,0.93983,USPS.csv,"LogisticRegression(C=0.05080648189176717, max_iter=5000)"
BO,USPS,multiclass,f1_macro,2,120.0,11.48078904946645,9298,256,10,4649,4649,256,0.9392435998642051,0.940145,USPS.csv,"LogisticRegression(C=0.07179707697185211, max_iter=5000)"
BO,USPS,multiclass,f1_macro,3,120.0,10.932987384001414,9298,256,10,4649,4649,256,0.9381474955386816,0.939933,USPS.csv,"LogisticRegression(C=0.0663368157375832, max_iter=5000)"
BO,USPS,multiclass,f1_macro,4,120.0,11.205149618784587,9298,256,10,4649,4649,256,0.9367189475583307,0.939891,USPS.csv,"LogisticRegression(C=0.1321247730365069, max_iter=5000)"
BO,pol,multiclass,f1_macro,0,120.0,23.50008406639099,15000,48,11,7500,7500,48,0.1729360070170935,0.169496,pol.csv,"LogisticRegression(C=37.70898026828488, max_iter=5000)"
BO,pol,multiclass,f1_macro,1,120.0,29.887635910511015,15000,48,11,7500,7500,48,0.16878374304963276,0.169566,pol.csv,"LogisticRegression(C=114.86934114152572, max_iter=5000)"
BO,pol,multiclass,f1_macro,2,120.0,24.299937498569488,15000,48,11,7500,7500,48,0.16784279505067987,0.169507,pol.csv,"LogisticRegression(C=47.6662516822513, max_iter=5000)"
BO,pol,multiclass,f1_macro,3,120.0,34.649679311116536,15000,48,11,7500,7500,48,0.16973620835065045,0.169591,pol.csv,"LogisticRegression(C=355.71201923087085, max_iter=5000)"
BO,pol,multiclass,f1_macro,4,120.0,28.40111218293508,15000,48,11,7500,7500,48,0.17081901607298797,0.169502,pol.csv,"LogisticRegression(C=78.03249611246775, max_iter=5000)"
BO,texture,multiclass,f1_macro,0,120.0,11.826732150713603,5500,40,11,2750,2750,40,0.9962690575766413,0.997199,texture.csv,"LogisticRegression(C=86.27545802088225, max_iter=5000)"
BO,texture,multiclass,f1_macro,1,120.0,10.88707401752472,5500,40,11,2750,2750,40,0.9962456495796956,0.996498,texture.csv,"LogisticRegression(C=31.19432989738194, max_iter=5000)"
BO,texture,multiclass,f1_macro,2,120.0,12.486089245478313,5500,40,11,2750,2750,40,0.9961616097980597,0.997881,texture.csv,"LogisticRegression(C=1000.0, max_iter=5000)"
BO,texture,multiclass,f1_macro,3,120.0,12.320520293712615,5500,40,11,2750,2750,40,0.994697610127319,0.997881,texture.csv,"LogisticRegression(C=1000.0, max_iter=5000)"
BO,texture,multiclass,f1_macro,4,120.0,12.665389207998912,5500,40,11,2750,2750,40,0.9966657277444055,0.997515,texture.csv,"LogisticRegression(C=590.8279416840327, max_iter=5000)"
BO,letter,multiclass,f1_macro,0,120.0,13.182454466819763,20000,16,26,10000,10000,16,0.7651184647534575,0.769173,letter.csv,"LogisticRegression(C=1.3737532824690109, max_iter=5000)"
BO,letter,multiclass,f1_macro,1,120.0,13.438356749216716,20000,16,26,10000,10000,16,0.7645869886326098,0.769091,letter.csv,"LogisticRegression(C=1.9088857517434292, max_iter=5000)"
BO,letter,multiclass,f1_macro,2,120.0,13.863040781021118,20000,16,26,10000,10000,16,0.7633552897140332,0.768857,letter.csv,"LogisticRegression(C=2.3391295664099694, max_iter=5000)"
BO,letter,multiclass,f1_macro,3,120.0,13.970219353834787,20000,16,26,10000,10000,16,0.7644897999095327,0.768873,letter.csv,"LogisticRegression(C=2.1425640487802626, max_iter=5000)"
BO,letter,multiclass,f1_macro,4,120.0,13.034403089682261,20000,16,26,10000,10000,16,0.7655251616007298,0.769255,letter.csv,"LogisticRegression(C=1.0337138057657547, max_iter=5000)"
BO,dataset_sales,multiclass,f1_macro,0,120.0,55.84534269571304,10738,14,51,5369,5369,14,0.08406207575454928,0.086521,dataset.csv,"LogisticRegression(C=0.729516377511348, max_iter=5000)"
BO,dataset_sales,multiclass,f1_macro,1,120.0,36.482218046983085,10738,14,51,5369,5369,14,0.08343048695181512,0.082535,dataset.csv,"LogisticRegression(C=0.4093027407785076, max_iter=5000)"
BO,dataset_sales,multiclass,f1_macro,2,120.0,58.77985823949178,10738,14,51,5369,5369,14,0.0911960299503906,0.086149,dataset.csv,"LogisticRegression(C=1.1991266593768939, max_iter=5000)"
BO,dataset_sales,multiclass,f1_macro,3,120.0,51.86841456492742,10738,14,51,5369,5369,14,0.08672586480518639,0.086399,dataset.csv,"LogisticRegression(C=0.8045561782042625, max_iter=5000)"
BO,dataset_sales,multiclass,f1_macro,4,120.0,65.94986678361893,10738,14,51,5369,5369,14,0.08645071596619482,0.077944,dataset.csv,"LogisticRegression(C=0.3812688519767265, max_iter=5000)"
BO,cpu_act,multiclass,f1_macro,0,120.0,229.48161827723186,8192,21,56,4096,4096,21,0.13293583953371088,0.14057,cpu.csv,"LogisticRegression(C=202.70024951657166, max_iter=5000)"
BO,cpu_act,multiclass,f1_macro,1,120.0,163.200667877992,8192,21,56,4096,4096,21,0.13129806664908714,0.141067,cpu.csv,"LogisticRegression(C=822.7669375330175, max_iter=5000)"
BO,cpu_act,multiclass,f1_macro,2,120.0,151.86726306676866,8192,21,56,4096,4096,21,0.13096104817211185,0.138347,cpu.csv,"LogisticRegression(C=52.3245835919944, max_iter=5000)"
BO,cpu_act,multiclass,f1_macro,3,120.0,135.31734114090602,8192,21,56,4096,4096,21,0.1277617589055556,0.144328,cpu.csv,"LogisticRegression(C=377.47684408629647, max_iter=5000)"
BO,cpu_act,multiclass,f1_macro,4,120.0,110.1238018631935,8192,21,56,4096,4096,21,0.12349951557789951,0.133247,cpu.csv,"LogisticRegression(C=6.5753385149310555, max_iter=5000)"
BO,health_insurance,multiclass,f1_macro,0,120.0,324.18023439645765,22272,25,75,11136,11136,25,0.022885665868323666,0.017774,health.csv,"LogisticRegression(C=54.09123540828147, max_iter=5000)"
BO,health_insurance,multiclass,f1_macro,1,120.0,126.83725378513336,22272,25,75,11136,11136,25,0.022771237701468265,0.01778,health.csv,"LogisticRegression(C=0.36166425226865795, max_iter=5000)"
BO,health_insurance,multiclass,f1_macro,2,120.0,126.87514801025391,22272,25,75,11136,11136,25,0.022761657092240754,0.017774,health.csv,"LogisticRegression(C=0.1308094007205493, max_iter=5000)"
BO,health_insurance,multiclass,f1_macro,3,120.0,110.84364045063654,22272,25,75,11136,11136,25,0.022762052657754682,0.017777,health.csv,"LogisticRegression(C=0.4000230725859301, max_iter=5000)"
BO,health_insurance,multiclass,f1_macro,4,120.0,87.46145417292912,22272,25,75,11136,11136,25,0.023044190425270953,0.017783,health.csv,"LogisticRegression(C=0.1015608052620823, max_iter=5000)"
BO,BachChoralHarmony,multiclass,f1_macro,0,120.0,97.85584202210109,5665,104,102,2832,2833,104,0.4664388911609745,0.412436,BachChoralHarmony.csv,"LogisticRegression(C=30.469114046761522, max_iter=5000)"
BO,BachChoralHarmony,multiclass,f1_macro,1,120.0,86.37720247507096,5665,104,102,2832,2833,104,0.4504670887955882,0.404143,BachChoralHarmony.csv,"LogisticRegression(C=15.068774220617088, max_iter=5000)"
BO,BachChoralHarmony,multiclass,f1_macro,2,120.0,95.3351181268692,5665,104,102,2832,2833,104,0.4611998455266262,0.406418,BachChoralHarmony.csv,"LogisticRegression(C=23.176622881033826, max_iter=5000)"
BO,BachChoralHarmony,multiclass,f1_macro,3,120.0,65.56570832331975,5665,104,102,2832,2833,104,0.44693452172239645,0.391739,BachChoralHarmony.csv,"LogisticRegression(C=6.461967148558194, max_iter=5000)"
BO,BachChoralHarmony,multiclass,f1_macro,4,120.0,93.5629424850146,5665,104,102,2832,2833,104,0.4653628832861026,0.409244,BachChoralHarmony.csv,"LogisticRegression(C=18.638050934611805, max_iter=5000)"
