"country","year","unemployment","inflation","representation","centralization","volume"
0,0,0.0764705882352941,0.746710526315789,0.493904167848029,0.375,0.0422857142857143
0,0.0294117647058824,0.129411764705882,0.661184210526316,0.493904167848029,0.375,0.0567142857142857
0,0.0588235294117647,0.147058823529412,0.236842105263158,0.493904167848029,0.375,0.0514285714285714
0,0.0882352941176471,0.1,0.118421052631579,0.550609583215197,0.375,0.0428571428571429
0,0.117647058823529,0.0823529411764706,0.161184210526316,0.430110575559966,0.375,0.0465714285714286
0,0.147058823529412,0.105882352941176,0.302631578947368,0.430110575559966,0.375,0.0502857142857143
0,0.176470588235294,0.135294117647059,0.177631578947368,0.430110575559966,0.375,0.0278571428571429
0,0.205882352941176,0.158823529411765,0.138157894736842,0.407428409413099,0.375,0.019
0,0.235294117647059,0.152941176470588,0.154605263157895,0.407428409413099,0.375,0.0155714285714286
0,0.264705882352941,0.147058823529412,0.220394736842105,0.407428409413099,0.375,0.0297142857142857
0,0.294117647058824,0.147058823529412,0.177631578947368,0.581797561667139,0.375,0.0247142857142857
0,0.323529411764706,0.152941176470588,0.0855263157894737,0.581797561667139,0.375,0.0202857142857143
0,0.352941176470588,0.123529411764706,0.111842105263158,0.465551460164446,0.375,0.0225714285714286
0,0.382352941176471,0.0941176470588235,0.174342105263158,0.465551460164446,0.375,0.0347142857142857
0,0.411764705882353,0.0882352941176471,0.226973684210526,0.465551460164446,0.375,0.0301428571428571
0,0.441176470588235,0.1,0.194078947368421,0.35355826481429,0.375,0.0261428571428571
0,0.470588235294118,0.111764705882353,0.200657894736842,0.35355826481429,0.375,0.024
0,0.5,0.105882352941176,0.184210526315789,0.35355826481429,0.375,0.0355714285714286
0,0.529411764705882,0.105882352941176,0.190789473684211,0.553444853983555,0.375,0.0627142857142857
0,0.558823529411765,0.0941176470588235,0.223684210526316,0.553444853983555,0.375,0.0735714285714286
0,0.588235294117647,0.111764705882353,0.296052631578947,0.553444853983555,0.375,0.0921428571428571
0,0.617647058823529,0.152941176470588,0.289473684210526,0.644173518571023,0.375,0.0594285714285714
0,0.647058823529412,0.135294117647059,0.407894736842105,0.644173518571023,0.375,0.0752857142857143
0,0.676470588235294,0.152941176470588,0.592105263157895,0.621491352424157,0.375,0.178857142857143
0,0.705882352941177,0.282352941176471,0.592105263157895,0.285511766373689,0.375,0.100285714285714
0,0.735294117647059,0.276470588235294,0.539473684210526,0.285511766373689,0.375,0.108571428571429
0,0.764705882352941,0.329411764705882,0.5,0.319535015593989,0.375,0.0468571428571429
0,0.794117647058823,0.376470588235294,0.355263157894737,0.319535015593989,0.375,0.0601428571428571
0,0.823529411764706,0.358823529411765,0.394736842105263,0.319535015593989,0.375,0.111142857142857
0,0.852941176470588,0.352941176470588,0.427631578947368,0.462716189396087,0.375,0.0904285714285714
0,0.882352941176471,0.335294117647059,0.414473684210526,0.462716189396087,0.375,0.111285714285714
0,0.911764705882353,0.411764705882353,0.463815789473684,0.462716189396087,0.375,0.0528571428571429
0,0.941176470588235,0.576470588235294,0.427631578947368,0.734902183158492,0.375,0.0447142857142857
0,0.970588235294118,0.523529411764706,0.226973684210526,0.669690955486249,0.375,0.0344285714285714
0,1,0.482352941176471,0.315789473684211,0.669690955486249,0.375,0.0322857142857143
0.0588235294117647,0,0.205882352941176,1,0.502409980153105,1,0.00614285714285714
0.0588235294117647,0.0294117647058824,0.276470588235294,0.542763157894737,0.502409980153105,1,0.00557142857142857
0.0588235294117647,0.0588235294117647,0.341176470588235,0.0427631578947368,0.54635667706266,1,0.00285714285714286
0.0588235294117647,0.0882352941176471,0.288235294117647,0.226973684210526,0.54635667706266,1,0.00371428571428571
0.0588235294117647,0.117647058823529,0.211764705882353,0.0953947368421053,0.54635667706266,1,0.004
0.0588235294117647,0.147058823529412,0.205882352941176,0.223684210526316,0.54635667706266,1,0.0102857142857143
0.0588235294117647,0.176470588235294,0.194117647058824,0.1875,0.54635667706266,1,0.003
0.0588235294117647,0.205882352941176,0.211764705882353,0.161184210526316,0.54635667706266,1,0.00314285714285714
0.0588235294117647,0.235294117647059,0.194117647058824,0.131578947368421,0.554862489367735,1,0.00328571428571429
0.0588235294117647,0.264705882352941,0.147058823529412,0.161184210526316,0.554862489367735,1,0.00428571428571429
0.0588235294117647,0.294117647058824,0.117647058823529,0.210526315789474,0.554862489367735,1,0.007
0.0588235294117647,0.323529411764706,0.111764705882353,0.240131578947368,0.537850864757584,1,0.0395714285714286
0.0588235294117647,0.352941176470588,0.123529411764706,0.184210526315789,0.537850864757584,1,0.00214285714285714
0.0588235294117647,0.382352941176471,0.111764705882353,0.223684210526316,0.537850864757584,1,0.00214285714285714
0.0588235294117647,0.411764705882353,0.111764705882353,0.256578947368421,0.537850864757584,1,0.00914285714285714
0.0588235294117647,0.441176470588235,0.105882352941176,0.167763157894737,0.56336830167281,1,0.00428571428571429
0.0588235294117647,0.470588235294118,0.105882352941176,0.226973684210526,0.56336830167281,1,0.001
0.0588235294117647,0.5,0.117647058823529,0.1875,0.56336830167281,1,0.000428571428571429
0.0588235294117647,0.529411764705882,0.105882352941176,0.197368421052632,0.56336830167281,1,0.00114285714285714
0.0588235294117647,0.558823529411765,0.0882352941176471,0.240131578947368,0.58037992628296,1,0.00157142857142857
0.0588235294117647,0.588235294117647,0.0705882352941176,0.25,0.58037992628296,1,0.000285714285714286
0.0588235294117647,0.617647058823529,0.0647058823529412,0.305921052631579,0.604479727814006,1,0.000857142857142857
0.0588235294117647,0.647058823529412,0.0588235294117647,0.342105263157895,0.604479727814006,1,0.00871428571428571
0.0588235294117647,0.676470588235294,0.0647058823529412,0.407894736842105,0.604479727814006,1,0.000428571428571429
0.0588235294117647,0.705882352941177,0.1,0.375,0.604479727814006,1,0.000285714285714286
0.0588235294117647,0.735294117647059,0.1,0.335526315789474,0.604479727814006,1,0
0.0588235294117647,0.764705882352941,0.0941176470588235,0.276315789473684,0.604479727814006,1,0
0.0588235294117647,0.794117647058823,0.105882352941176,0.213815789473684,0.604479727814006,1,0.000571428571428571
0.0588235294117647,0.823529411764706,0.1,0.217105263157895,0.620073717039977,1,0
0.0588235294117647,0.852941176470588,0.0941176470588235,0.302631578947368,0.620073717039977,1,0.000857142857142857
0.0588235294117647,0.882352941176471,0.123529411764706,0.319078947368421,0.620073717039977,1,0.000142857142857143
0.0588235294117647,0.911764705882353,0.182352941176471,0.273026315789474,0.620073717039977,1,0
0.0588235294117647,0.941176470588235,0.223529411764706,0.203947368421053,0.581797561667139,1,0
0.0588235294117647,0.970588235294118,0.229411764705882,0.282894736842105,0.581797561667139,1,0
0.0588235294117647,1,0.241176470588235,0.200657894736842,0.581797561667139,1,0.00114285714285714
0.117647058823529,0,0.264705882352941,0.411184210526316,0.445704564785937,0.75,0.0345714285714286
0.117647058823529,0.0294117647058824,0.305882352941176,0.125,0.445704564785937,0.75,0.0508571428571429
0.117647058823529,0.0588235294117647,0.323529411764706,0.0855263157894737,0.445704564785937,0.75,0.0242857142857143
0.117647058823529,0.0882352941176471,0.305882352941176,0.138157894736842,0.486815990927134,0.75,0.026
0.117647058823529,0.117647058823529,0.235294117647059,0.0789473684210526,0.486815990927134,0.75,0.0575714285714286
0.117647058823529,0.147058823529412,0.170588235294118,0.1875,0.486815990927134,0.75,0.0531428571428571
0.117647058823529,0.176470588235294,0.141176470588235,0.200657894736842,0.486815990927134,0.75,0.207571428571429
0.117647058823529,0.205882352941176,0.2,0.138157894736842,0.459880918627729,0.75,0.0162857142857143
0.117647058823529,0.235294117647059,0.241176470588235,0.134868421052632,0.459880918627729,0.75,0.0547142857142857
0.117647058823529,0.264705882352941,0.2,0.105263157894737,0.459880918627729,0.75,0.0184285714285714
0.117647058823529,0.294117647058824,0.158823529411765,0.128289473684211,0.479727814006238,0.75,0.005
0.117647058823529,0.323529411764706,0.123529411764706,0.141447368421053,0.479727814006238,0.75,0.0142857142857143
0.117647058823529,0.352941176470588,0.1,0.167763157894737,0.479727814006238,0.75,0.0128571428571429
0.117647058823529,0.382352941176471,0.0882352941176471,0.233552631578947,0.479727814006238,0.75,0.0224285714285714
0.117647058823529,0.411764705882353,0.1,0.230263157894737,0.352140629430111,0.75,0.00357142857142857
0.117647058823529,0.441176470588235,0.105882352941176,0.233552631578947,0.352140629430111,0.75,0.027
0.117647058823529,0.470588235294118,0.147058823529412,0.190789473684211,0.352140629430111,0.75,0.00914285714285714
0.117647058823529,0.5,0.170588235294118,0.184210526315789,0.312446838673093,0.75,0.0184285714285714
0.117647058823529,0.529411764705882,0.135294117647059,0.220394736842105,0.312446838673093,0.75,0.008
0.117647058823529,0.558823529411765,0.111764705882353,0.223684210526316,0.312446838673093,0.75,0.069
0.117647058823529,0.588235294117647,0.105882352941176,0.236842105263158,0.312446838673093,0.75,0.0585714285714286
0.117647058823529,0.617647058823529,0.135294117647059,0.276315789473684,0.325205557130706,0.75,0.0167142857142857
0.117647058823529,0.647058823529412,0.135294117647059,0.325657894736842,0.325205557130706,0.75,0.0402857142857143
0.117647058823529,0.676470588235294,0.141176470588235,0.513157894736842,0.305358661752197,0.75,0.0262857142857143
0.117647058823529,0.705882352941177,0.258823529411765,0.516447368421053,0.305358661752197,0.75,0.028
0.117647058823529,0.735294117647059,0.341176470588235,0.398026315789474,0.305358661752197,0.75,0.0415714285714286
0.117647058823529,0.764705882352941,0.388235294117647,0.328947368421053,0.312446838673093,0.75,0.0308571428571429
0.117647058823529,0.794117647058823,0.417647058823529,0.243421052631579,0.312446838673093,0.75,0.0464285714285714
0.117647058823529,0.823529411764706,0.429411764705882,0.243421052631579,0.299688120215481,0.75,0.0281428571428571
0.117647058823529,0.852941176470588,0.452941176470588,0.315789473684211,0.299688120215481,0.75,0.00985714285714286
0.176470588235294,0,0.141176470588235,0.4375,1,0,0.0345714285714286
0.176470588235294,0.0294117647058824,0.170588235294118,0.177631578947368,1,0,0.845428571428571
0.176470588235294,0.0588235294117647,0.170588235294118,0.0657894736842105,0.926282960022682,0,0.0478571428571429
0.176470588235294,0.0882352941176471,0.264705882352941,0.115131578947368,0.926282960022682,0,0.0531428571428571
0.176470588235294,0.117647058823529,0.252941176470588,0.101973684210526,0.926282960022682,0,0.0648571428571429
0.176470588235294,0.147058823529412,0.194117647058824,0.141447368421053,0.926282960022682,0,0.0405714285714286
0.176470588235294,0.176470588235294,0.264705882352941,0.200657894736842,0.578962290898781,0,0.0464285714285714
0.176470588235294,0.205882352941176,0.405882352941176,0.180921052631579,0.189112560249504,0,0.0882857142857143
0.176470588235294,0.235294117647059,0.347058823529412,0.131578947368421,0.189112560249504,0,0.0671428571428571
0.176470588235294,0.264705882352941,0.405882352941176,0.138157894736842,0.189112560249504,0,0.0218571428571429
0.176470588235294,0.294117647058824,0.417647058823529,0.125,0.189112560249504,0,0.004
0.176470588235294,0.323529411764706,0.317647058823529,0.134868421052632,0.520839240147434,0,0.0398571428571429
0.176470588235294,0.352941176470588,0.3,0.154605263157895,0.665438049333711,0,0.025
0.176470588235294,0.382352941176471,0.252941176470588,0.154605263157895,0.665438049333711,0,0.0412857142857143
0.176470588235294,0.411764705882353,0.211764705882353,0.177631578947368,0.696626027785654,0,0.0582857142857143
0.176470588235294,0.441176470588235,0.194117647058824,0.217105263157895,0.696626027785654,0,0.121285714285714
0.176470588235294,0.470588235294118,0.223529411764706,0.213815789473684,0.696626027785654,0,0.0874285714285714
0.176470588235294,0.5,0.258823529411765,0.230263157894737,0.834136660051035,0,0.108857142857143
0.176470588235294,0.529411764705882,0.258823529411765,0.243421052631579,0.834136660051035,0,0.160714285714286
0.176470588235294,0.558823529411765,0.329411764705882,0.207236842105263,0.834136660051035,0,0.133428571428571
0.176470588235294,0.588235294117647,0.358823529411765,0.1875,0.834136660051035,0,0.057
0.176470588235294,0.617647058823529,0.364705882352941,0.253289473684211,0.635667706265948,0,0.148714285714286
0.176470588235294,0.647058823529412,0.323529411764706,0.345394736842105,0.635667706265948,0,0.104571428571429
0.176470588235294,0.676470588235294,0.311764705882353,0.453947368421053,0.7207258293167,0,0.160142857142857
0.176470588235294,0.705882352941177,0.405882352941176,0.450657894736842,0.7207258293167,0,0.186142857142857
0.176470588235294,0.735294117647059,0.417647058823529,0.342105263157895,0.7207258293167,0,0.194142857142857
0.176470588235294,0.764705882352941,0.470588235294118,0.358552631578947,0.7207258293167,0,0.0544285714285714
0.176470588235294,0.794117647058823,0.488235294117647,0.388157894736842,0.7207258293167,0,0.118
0.176470588235294,0.823529411764706,0.435294117647059,0.394736842105263,0.587468103203856,0,0.120142857142857
0.176470588235294,0.852941176470588,0.435294117647059,0.430921052631579,0.783101786220584,0,0.132857142857143
0.176470588235294,0.882352941176471,0.441176470588235,0.506578947368421,0.783101786220584,0,0.127714285714286
0.176470588235294,0.911764705882353,0.641176470588235,0.450657894736842,0.783101786220584,0,0.0864285714285714
0.176470588235294,0.941176470588235,0.694117647058824,0.286184210526316,0.783101786220584,0,0.066
0.176470588235294,0.970588235294118,0.658823529411765,0.236842105263158,0.235894527927417,0,0.0561428571428571
0.176470588235294,1,0.611764705882353,0.226973684210526,0.235894527927417,0,0.045
0.235294117647059,0,0.570588235294118,0.440789473684211,0.516586333994896,0.5,0.000428571428571429
0.235294117647059,0.0294117647058824,0.735294117647059,0.220394736842105,0.516586333994896,0.5,0.000428571428571429
0.235294117647059,0.0588235294117647,0.541176470588235,0.125,0.530762687836688,0.5,0.000285714285714286
0.235294117647059,0.0882352941176471,0.529411764705882,0.0953947368421053,0.549191947831018,0.5,0.00242857142857143
0.235294117647059,0.117647058823529,0.570588235294118,0.276315789473684,0.549191947831018,0.5,0.001
0.235294117647059,0.147058823529412,0.652941176470588,0.292763157894737,0.549191947831018,0.5,0.112714285714286
0.235294117647059,0.176470588235294,0.582352941176471,0.184210526315789,0.499574709384746,0.5,0.000714285714285714
0.235294117647059,0.205882352941176,0.541176470588235,0.118421052631579,0.499574709384746,0.5,0.000857142857142857
0.235294117647059,0.235294117647059,0.347058823529412,0.151315789473684,0.499574709384746,0.5,0.00171428571428571
0.235294117647059,0.264705882352941,0.247058823529412,0.138157894736842,0.499574709384746,0.5,0.00585714285714286
0.235294117647059,0.294117647058824,0.194117647058824,0.210526315789474,0.588885738588035,0.5,0.212285714285714
0.235294117647059,0.323529411764706,0.105882352941176,0.338815789473684,0.588885738588035,0.5,0.00128571428571429
0.235294117647059,0.352941176470588,0.117647058823529,0.296052631578947,0.588885738588035,0.5,0.00214285714285714
0.235294117647059,0.382352941176471,0.0823529411764706,0.197368421052632,0.588885738588035,0.5,0.00157142857142857
0.235294117647059,0.411764705882353,0.0705882352941176,0.276315789473684,0.58037992628296,0.5,0.0204285714285714
0.235294117647059,0.441176470588235,0.0823529411764706,0.328947368421053,0.605897363198185,0.5,0.00128571428571429
0.235294117647059,0.470588235294118,0.0705882352941176,0.365131578947368,0.605897363198185,0.5,0.000857142857142857
0.235294117647059,0.5,0.0705882352941176,0.358552631578947,0.508080521689821,0.5,0.00271428571428571
0.235294117647059,0.529411764705882,0.0647058823529412,0.210526315789474,0.508080521689821,0.5,0.00442857142857143
0.235294117647059,0.558823529411765,0.0411764705882353,0.309210526315789,0.508080521689821,0.5,0.008
0.235294117647059,0.588235294117647,0.0647058823529412,0.289473684210526,0.508080521689821,0.5,0.00157142857142857
0.235294117647059,0.617647058823529,0.0529411764705882,0.3125,0.588885738588035,0.5,0.00157142857142857
0.235294117647059,0.647058823529412,0.0529411764705882,0.401315789473684,0.588885738588035,0.5,0.285857142857143
0.235294117647059,0.676470588235294,0.205882352941176,0.598684210526316,0.394669690955486,0.5,0.0134285714285714
0.235294117647059,0.705882352941177,0.288235294117647,0.411184210526316,0.4754749078537,0.5,0.00742857142857143
0.235294117647059,0.735294117647059,0.370588235294118,0.391447368421053,0.4754749078537,0.5,0.0152857142857143
0.235294117647059,0.764705882352941,0.429411764705882,0.460526315789474,0.564785937056989,0.5,0.0164285714285714
0.235294117647059,0.794117647058823,0.488235294117647,0.424342105263158,0.564785937056989,0.5,0.00914285714285714
0.235294117647059,0.823529411764706,0.352941176470588,0.411184210526316,0.564785937056989,0.5,0.012
0.235294117647059,0.852941176470588,0.382352941176471,0.5,0.573291749362064,0.5,0.0128571428571429
0.235294117647059,0.882352941176471,0.605882352941177,0.480263157894737,0.573291749362064,0.5,0.0455714285714286
0.235294117647059,0.911764705882353,0.647058823529412,0.427631578947368,0.564785937056989,0.5,0.00642857142857143
0.235294117647059,0.941176470588235,0.670588235294118,0.322368421052632,0.564785937056989,0.5,0.00542857142857143
0.235294117647059,0.970588235294118,0.5,0.302631578947368,0.549191947831018,0.5,0.00885714285714286
0.235294117647059,1,0.429411764705882,0.25,0.549191947831018,0.5,0.150857142857143
0.294117647058824,0,0.00588235294117647,0.631578947368421,0.259994329458463,0.75,0.0411428571428571
0.294117647058824,0.0294117647058824,0.00588235294117647,0.128289473684211,0.259994329458463,0.75,0.00671428571428571
0.294117647058824,0.0588235294117647,0.0176470588235294,0.161184210526316,0.259994329458463,0.75,0.00771428571428571
0.294117647058824,0.0882352941176471,0.00588235294117647,0.0953947368421053,0.267082506379359,0.75,0.0137142857142857
0.294117647058824,0.117647058823529,0.00588235294117647,0,0.267082506379359,0.75,0.0401428571428571
0.294117647058824,0.147058823529412,0.00588235294117647,0.457236842105263,0.267082506379359,0.75,0.795428571428571
0.294117647058824,0.176470588235294,0.0176470588235294,0.467105263157895,0.267082506379359,0.75,0.0248571428571429
0.294117647058824,0.205882352941176,0.0235294117647059,0.3125,0.267082506379359,0.75,0.005
0.294117647058824,0.235294117647059,0.135294117647059,0.144736842105263,0.245817975616671,0.75,0.0461428571428571
0.294117647058824,0.264705882352941,0.0882352941176471,0.200657894736842,0.245817975616671,0.75,0.0101428571428571
0.294117647058824,0.294117647058824,0.0705882352941176,0.154605263157895,0.245817975616671,0.75,0.00428571428571429
0.294117647058824,0.323529411764706,0.0764705882352941,0.243421052631579,0.167848029486816,0.75,0.00328571428571429
0.294117647058824,0.352941176470588,0.0882352941176471,0.256578947368421,0.167848029486816,0.75,0.137285714285714
0.294117647058824,0.382352941176471,0.0882352941176471,0.4375,0.167848029486816,0.75,0.00557142857142857
0.294117647058824,0.411764705882353,0.0823529411764706,0.253289473684211,0.167848029486816,0.75,0.00157142857142857
0.294117647058824,0.441176470588235,0.0882352941176471,0.223684210526316,0.323787921746527,0.75,0.0114285714285714
0.294117647058824,0.470588235294118,0.170588235294118,0.279605263157895,0.323787921746527,0.75,0.0301428571428571
0.294117647058824,0.5,0.223529411764706,0.398026315789474,0.323787921746527,0.75,0.0265714285714286
0.294117647058824,0.529411764705882,0.164705882352941,0.167763157894737,0.323787921746527,0.75,0.0148571428571429
0.294117647058824,0.558823529411765,0.111764705882353,0.184210526315789,0.252906152537567,0.75,0.0142857142857143
0.294117647058824,0.588235294117647,0.129411764705882,0.309210526315789,0.252906152537567,0.75,0.0204285714285714
0.294117647058824,0.617647058823529,0.147058823529412,0.328947368421053,0.274170683300255,0.75,0.233142857142857
0.294117647058824,0.647058823529412,0.135294117647059,0.457236842105263,0.274170683300255,0.75,0.0388571428571429
0.294117647058824,0.676470588235294,0.1,0.644736842105263,0.274170683300255,0.75,0.0341428571428571
0.294117647058824,0.705882352941177,0.129411764705882,0.680921052631579,0.274170683300255,0.75,0.0221428571428571
0.294117647058824,0.735294117647059,0.223529411764706,0.569078947368421,0.267082506379359,0.75,0.0977142857142857
0.294117647058824,0.764705882352941,0.341176470588235,0.513157894736842,0.267082506379359,0.75,0.187142857142857
0.294117647058824,0.794117647058823,0.423529411764706,0.351973684210526,0.267082506379359,0.75,0.0104285714285714
0.294117647058824,0.823529411764706,0.347058823529412,0.342105263157895,0.252906152537567,0.75,0.0187142857142857
0.294117647058824,0.852941176470588,0.270588235294118,0.476973684210526,0.252906152537567,0.75,0.119428571428571
0.294117647058824,0.882352941176471,0.3,0.490131578947368,0.252906152537567,0.75,0.0481428571428571
0.294117647058824,0.911764705882353,0.341176470588235,0.411184210526316,0.252906152537567,0.75,0.015
0.294117647058824,0.941176470588235,0.358823529411765,0.371710526315789,0.288347037142047,0.75,0.0515714285714286
0.294117647058824,0.970588235294118,0.288235294117647,0.328947368421053,0.288347037142047,0.75,0.107714285714286
0.294117647058824,1,0.282352941176471,0.289473684210526,0.288347037142047,0.75,0.012
0.352941176470588,0,0.0352941176470588,0.677631578947368,0.583215197051318,0,0.0427142857142857
0.352941176470588,0.0294117647058824,0.0411764705882353,0.490131578947368,0.583215197051318,0,0.0208571428571429
0.352941176470588,0.0588235294117647,0.0529411764705882,0.0328947368421053,0.583215197051318,0,0.115285714285714
0.352941176470588,0.0882352941176471,0.0941176470588235,0.108552631578947,0.583215197051318,0,0.017
0.352941176470588,0.117647058823529,0.0882352941176471,0.128289473684211,0.583215197051318,0,0.0358571428571429
0.352941176470588,0.147058823529412,0.0647058823529412,0.236842105263158,0.686702580096399,0,0.0162857142857143
0.352941176470588,0.176470588235294,0.0470588235294118,0.069078947368421,0.686702580096399,0,0.0462857142857143
0.352941176470588,0.205882352941176,0.0529411764705882,0.598684210526316,0.686702580096399,0,0.0125714285714286
0.352941176470588,0.235294117647059,0.0764705882352941,0.282894736842105,0.119648426424724,0,0.0215714285714286
0.352941176470588,0.264705882352941,0.0705882352941176,0.233552631578947,0.119648426424724,0,0.0117142857142857
0.352941176470588,0.294117647058824,0.0647058823529412,0.174342105263158,0.119648426424724,0,0.0282857142857143
0.352941176470588,0.323529411764706,0.0647058823529412,0.266447368421053,0.119648426424724,0,0.0202857142857143
0.352941176470588,0.352941176470588,0.0705882352941176,0.263157894736842,0.343634817125035,0,0.062
0.352941176470588,0.382352941176471,0.0529411764705882,0.200657894736842,0.343634817125035,0,0.0251428571428571
0.352941176470588,0.411764705882353,0.0705882352941176,0.184210526315789,0.343634817125035,0,0.00985714285714286
0.352941176470588,0.441176470588235,0.0705882352941176,0.180921052631579,0.343634817125035,0,0.0248571428571429
0.352941176470588,0.470588235294118,0.0941176470588235,0.1875,0.465551460164446,0,0.0402857142857143
0.352941176470588,0.5,0.152941176470588,0.246710526315789,0.155089311029203,0,1
0.352941176470588,0.529411764705882,0.135294117647059,0.296052631578947,0.155089311029203,0,0.0204285714285714
0.352941176470588,0.558823529411765,0.141176470588235,0.289473684210526,0.155089311029203,0,0.0155714285714286
0.352941176470588,0.588235294117647,0.152941176470588,0.276315789473684,0.155089311029203,0,0.0387142857142857
0.352941176470588,0.617647058823529,0.158823529411765,0.299342105263158,0.155089311029203,0,0.0325714285714286
0.352941176470588,0.647058823529412,0.152941176470588,0.335526315789474,0.407428409413099,0,0.0331428571428571
0.352941176470588,0.676470588235294,0.164705882352941,0.546052631578947,0.407428409413099,0,0.0281428571428571
0.352941176470588,0.705882352941177,0.241176470588235,0.483552631578947,0.407428409413099,0,0.0324285714285714
0.352941176470588,0.735294117647059,0.258823529411765,0.411184210526316,0.407428409413099,0,0.0335714285714286
0.352941176470588,0.764705882352941,0.288235294117647,0.404605263157895,0.407428409413099,0,0.0198571428571429
0.352941176470588,0.794117647058823,0.305882352941176,0.394736842105263,0.4754749078537,0,0.0168571428571429
0.352941176470588,0.823529411764706,0.347058823529412,0.450657894736842,0.4754749078537,0,0.0255714285714286
0.352941176470588,0.852941176470588,0.370588235294118,0.532894736842105,0.4754749078537,0,0.0122857142857143
0.352941176470588,0.882352941176471,0.435294117647059,0.536184210526316,0.853983555429544,0,0.0117142857142857
0.352941176470588,0.911764705882353,0.476470588235294,0.483552631578947,0.853983555429544,0,0.0181428571428571
0.352941176470588,0.941176470588235,0.488235294117647,0.411184210526316,0.853983555429544,0,0.0105714285714286
0.352941176470588,0.970588235294118,0.570588235294118,0.338815789473684,0.853983555429544,0,0.0107142857142857
0.352941176470588,1,0.6,0.286184210526316,0.853983555429544,0,0.00585714285714286
0.411764705882353,0,0.376470588235294,0.348684210526316,0.398922597108024,0.25,0.016
0.411764705882353,0.0294117647058824,0.358823529411765,0.164473684210526,0.398922597108024,0.25,0.00414285714285714
0.411764705882353,0.0588235294117647,0.323529411764706,0.0328947368421053,0.398922597108024,0.25,0.0135714285714286
0.411764705882353,0.0882352941176471,0.305882352941176,0.101973684210526,0.323787921746527,0.25,0.014
0.411764705882353,0.117647058823529,0.229411764705882,0.151315789473684,0.323787921746527,0.25,0.00714285714285714
0.411764705882353,0.147058823529412,0.182352941176471,0.180921052631579,0.323787921746527,0.25,0.0127142857142857
0.411764705882353,0.176470588235294,0.158823529411765,0.164473684210526,0.323787921746527,0.25,0.00842857142857143
0.411764705882353,0.205882352941176,0.158823529411765,0.164473684210526,0.366316983271902,0.25,0.00614285714285714
0.411764705882353,0.235294117647059,0.111764705882353,0.128289473684211,0.366316983271902,0.25,0.000428571428571429
0.411764705882353,0.264705882352941,0.0529411764705882,0.144736842105263,0.366316983271902,0.25,0.000285714285714286
0.411764705882353,0.294117647058824,0.0352941176470588,0.171052631578947,0.366316983271902,0.25,0.000428571428571429
0.411764705882353,0.323529411764706,0.0352941176470588,0.190789473684211,0.424440034023249,0.25,0.00314285714285714
0.411764705882353,0.352941176470588,0.0411764705882353,0.194078947368421,0.424440034023249,0.25,0.0125714285714286
0.411764705882353,0.382352941176471,0.0352941176470588,0.174342105263158,0.424440034023249,0.25,0.000142857142857143
0.411764705882353,0.411764705882353,0.0294117647058824,0.200657894736842,0.424440034023249,0.25,0.000285714285714286
0.411764705882353,0.441176470588235,0.0352941176470588,0.213815789473684,0.461298554011908,0.25,0.000142857142857143
0.411764705882353,0.470588235294118,0.1,0.148026315789474,0.461298554011908,0.25,0.00271428571428571
0.411764705882353,0.5,0.0705882352941176,0.148026315789474,0.461298554011908,0.25,0.000142857142857143
0.411764705882353,0.529411764705882,0.0411764705882353,0.157894736842105,0.461298554011908,0.25,0.00171428571428571
0.411764705882353,0.558823529411765,0.0352941176470588,0.207236842105263,0.525092146299972,0.25,0.000571428571428571
0.411764705882353,0.588235294117647,0.0411764705882353,0.266447368421053,0.525092146299972,0.25,0.029
0.411764705882353,0.617647058823529,0.0529411764705882,0.276315789473684,0.525092146299972,0.25,0.000428571428571429
0.411764705882353,0.647058823529412,0.0588235294117647,0.325657894736842,0.542103770910122,0.25,0.00357142857142857
0.411764705882353,0.676470588235294,0.123529411764706,0.325657894736842,0.542103770910122,0.25,0.00685714285714286
0.411764705882353,0.705882352941177,0.235294117647059,0.289473684210526,0.542103770910122,0.25,0.000428571428571429
0.411764705882353,0.735294117647059,0.235294117647059,0.236842105263158,0.542103770910122,0.25,0.00357142857142857
0.411764705882353,0.764705882352941,0.229411764705882,0.217105263157895,0.496739438616388,0.25,0.000142857142857143
0.411764705882353,0.794117647058823,0.217647058823529,0.184210526315789,0.496739438616388,0.25,0.0281428571428571
0.411764705882353,0.823529411764706,0.194117647058824,0.230263157894737,0.496739438616388,0.25,0.00314285714285714
0.411764705882353,0.852941176470588,0.194117647058824,0.273026315789474,0.496739438616388,0.25,0.000857142857142857
0.411764705882353,0.882352941176471,0.270588235294118,0.302631578947368,0.506662886305642,0.25,0.000428571428571429
0.411764705882353,0.911764705882353,0.394117647058824,0.269736842105263,0.506662886305642,0.25,0.000142857142857143
0.411764705882353,0.941176470588235,0.482352941176471,0.203947368421053,0.434363481712503,0.25,0.000285714285714286
0.411764705882353,0.970588235294118,0.482352941176471,0.174342105263158,0.434363481712503,0.25,0.0371428571428571
0.411764705882353,1,0.488235294117647,0.167763157894737,0.434363481712503,0.25,0.000285714285714286
0.470588235294118,0,0.429411764705882,0.355263157894737,0.0385596824496739,0.5,0.110428571428571
0.470588235294118,0.0294117647058824,0.535294117647059,0.398026315789474,0.0385596824496739,0.5,0.107428571428571
0.470588235294118,0.0588235294117647,0.564705882352941,0.259868421052632,0.0385596824496739,0.5,0.0167142857142857
0.470588235294118,0.0882352941176471,0.476470588235294,0.0953947368421053,0.0674794442869294,0.5,0.0135714285714286
0.470588235294118,0.117647058823529,0.4,0.180921052631579,0.0674794442869294,0.5,0.048
0.470588235294118,0.147058823529412,0.452941176470588,0.236842105263158,0.0674794442869294,0.5,0.01
0.470588235294118,0.176470588235294,0.541176470588235,0.230263157894737,0,0.5,0.0192857142857143
0.470588235294118,0.205882352941176,0.505882352941176,0.243421052631579,0,0.5,0.0267142857142857
0.470588235294118,0.235294117647059,0.470588235294118,0.0953947368421053,0,0.5,0.0258571428571429
0.470588235294118,0.264705882352941,0.394117647058824,0.108552631578947,0,0.5,0.0164285714285714
0.470588235294118,0.294117647058824,0.335294117647059,0.184210526315789,0.0418202438332861,0.5,0.0841428571428571
0.470588235294118,0.323529411764706,0.335294117647059,0.233552631578947,0.0418202438332861,0.5,0.0228571428571429
0.470588235294118,0.352941176470588,0.358823529411765,0.177631578947368,0.0418202438332861,0.5,0.0505714285714286
0.470588235294118,0.382352941176471,0.276470588235294,0.315789473684211,0.0418202438332861,0.5,0.113428571428571
0.470588235294118,0.411764705882353,0.270588235294118,0.259868421052632,0.10079387581514,0.5,0.113714285714286
0.470588235294118,0.441176470588235,0.276470588235294,0.197368421052632,0.10079387581514,0.5,0.161285714285714
0.470588235294118,0.470588235294118,0.294117647058824,0.200657894736842,0.10079387581514,0.5,0.0374285714285714
0.470588235294118,0.5,0.311764705882353,0.25,0.10079387581514,0.5,0.082
0.470588235294118,0.529411764705882,0.294117647058824,0.338815789473684,0.0615253756733768,0.5,0.186285714285714
0.470588235294118,0.558823529411765,0.341176470588235,0.365131578947368,0.0615253756733768,0.5,0.200714285714286
0.470588235294118,0.588235294117647,0.323529411764706,0.391447368421053,0.0615253756733768,0.5,0.0541428571428571
0.470588235294118,0.617647058823529,0.364705882352941,0.381578947368421,0.0615253756733768,0.5,0.0405714285714286
0.470588235294118,0.647058823529412,0.335294117647059,0.470394736842105,0.0713070598242132,0.5,0.0395714285714286
0.470588235294118,0.676470588235294,0.311764705882353,0.654605263157895,0.0713070598242132,0.5,0.102857142857143
0.470588235294118,0.705882352941177,0.429411764705882,0.782894736842105,0.0713070598242132,0.5,0.0557142857142857
0.470588235294118,0.735294117647059,0.529411764705882,0.6875,0.0713070598242132,0.5,0.147428571428571
0.470588235294118,0.764705882352941,0.517647058823529,0.542763157894737,0.0470654947547491,0.5,0.0815714285714286
0.470588235294118,0.794117647058823,0.482352941176471,0.345394736842105,0.0470654947547491,0.5,0.109285714285714
0.470588235294118,0.823529411764706,0.417647058823529,0.529605263157895,0.0470654947547491,0.5,0.250285714285714
0.470588235294118,0.852941176470588,0.429411764705882,0.694078947368421,0.0470654947547491,0.5,0.0685714285714286
0.470588235294118,0.882352941176471,0.582352941176471,0.766447368421053,0.0124751913807768,0.5,0.0718571428571429
0.470588235294118,0.911764705882353,0.670588235294118,0.657894736842105,0.0124751913807768,0.5,0.072
0.470588235294118,0.941176470588235,0.823529411764706,0.440789473684211,0.020981003685852,0.5,0.0545714285714286
0.470588235294118,0.970588235294118,0.917647058823529,0.378289473684211,0.020981003685852,0.5,0.0674285714285714
0.470588235294118,1,1,0.273026315789474,0.020981003685852,0.5,0.0744285714285714
0.529411764705882,0,0.517647058823529,0.565789473684211,0.415934221718174,0.25,0.0624285714285714
0.529411764705882,0.0294117647058824,0.558823529411765,0.157894736842105,0.415934221718174,0.25,0.0481428571428571
0.529411764705882,0.0588235294117647,0.588235294117647,0.141447368421053,0.454210377091012,0.25,0.0778571428571429
0.529411764705882,0.0882352941176471,0.511764705882353,0.174342105263158,0.454210377091012,0.25,0.0704285714285714
0.529411764705882,0.117647058823529,0.441176470588235,0.171052631578947,0.454210377091012,0.25,0.073
0.529411764705882,0.147058823529412,0.547058823529412,0.207236842105263,0.454210377091012,0.25,0.0531428571428571
0.529411764705882,0.176470588235294,0.435294117647059,0.131578947368421,0.454210377091012,0.25,0.0581428571428571
0.529411764705882,0.205882352941176,0.376470588235294,0.200657894736842,0.471222001701162,0.25,0.0518571428571429
0.529411764705882,0.235294117647059,0.317647058823529,0.0953947368421053,0.471222001701162,0.25,0.113142857142857
0.529411764705882,0.264705882352941,0.235294117647059,0.164473684210526,0.471222001701162,0.25,0.069
0.529411764705882,0.294117647058824,0.2,0.161184210526316,0.471222001701162,0.25,0.114714285714286
0.529411764705882,0.323529411764706,0.258823529411765,0.259868421052632,0.471222001701162,0.25,0.257
0.529411764705882,0.352941176470588,0.223529411764706,0.315789473684211,0.454210377091012,0.25,0.126857142857143
0.529411764705882,0.382352941176471,0.247058823529412,0.302631578947368,0.454210377091012,0.25,0.179428571428571
0.529411764705882,0.411764705882353,0.311764705882353,0.233552631578947,0.454210377091012,0.25,0.0795714285714286
0.529411764705882,0.441176470588235,0.335294117647059,0.174342105263158,0.454210377091012,0.25,0.166142857142857
0.529411764705882,0.470588235294118,0.311764705882353,0.138157894736842,0.454210377091012,0.25,0.0964285714285714
0.529411764705882,0.5,0.329411764705882,0.134868421052632,0.486815990927134,0.25,0.102714285714286
0.529411764705882,0.529411764705882,0.329411764705882,0.180921052631579,0.486815990927134,0.25,0.410714285714286
0.529411764705882,0.558823529411765,0.311764705882353,0.259868421052632,0.486815990927134,0.25,0.223714285714286
0.529411764705882,0.588235294117647,0.311764705882353,0.256578947368421,0.486815990927134,0.25,0.156857142857143
0.529411764705882,0.617647058823529,0.370588235294118,0.282894736842105,0.489651261695492,0.25,0.205285714285714
0.529411764705882,0.647058823529412,0.364705882352941,0.450657894736842,0.489651261695492,0.25,0.242571428571429
0.529411764705882,0.676470588235294,0.311764705882353,0.723684210526316,0.489651261695492,0.25,0.197285714285714
0.529411764705882,0.705882352941177,0.341176470588235,0.654605263157895,0.489651261695492,0.25,0.274
0.529411764705882,0.735294117647059,0.388235294117647,0.644736842105263,0.573291749362064,0.25,0.253428571428571
0.529411764705882,0.764705882352941,0.411764705882353,0.703947368421053,0.573291749362064,0.25,0.164142857142857
0.529411764705882,0.794117647058823,0.417647058823529,0.490131578947368,0.573291749362064,0.25,0.100285714285714
0.529411764705882,0.823529411764706,0.447058823529412,0.582236842105263,0.573291749362064,0.25,0.267142857142857
0.529411764705882,0.852941176470588,0.441176470588235,0.796052631578947,0.573291749362064,0.25,0.158285714285714
0.529411764705882,0.882352941176471,0.458823529411765,0.736842105263158,0.573291749362064,0.25,0.100714285714286
0.529411764705882,0.911764705882353,0.494117647058824,0.638157894736842,0.573291749362064,0.25,0.177857142857143
0.529411764705882,0.941176470588235,0.547058823529412,0.575657894736842,0.561950666288631,0.25,0.135
0.529411764705882,0.970588235294118,0.570588235294118,0.450657894736842,0.561950666288631,0.25,0.0844285714285714
0.529411764705882,1,0.582352941176471,0.398026315789474,0.561950666288631,0.25,0.0367142857142857
0.588235294117647,0,0.0647058823529412,0.638157894736842,0.136660051034874,0.125,0.0627142857142857
0.588235294117647,0.0294117647058824,0.0705882352941176,0.259868421052632,0.218882903317267,0.125,0.151571428571429
0.588235294117647,0.0588235294117647,0.0764705882352941,0.3125,0.306776297136376,0.125,0.0408571428571429
0.588235294117647,0.0882352941176471,0.1,0.309210526315789,0.306776297136376,0.125,0.0355714285714286
0.588235294117647,0.117647058823529,0.105882352941176,0.0625,0.367734618656082,0.125,0.0307142857142857
0.588235294117647,0.147058823529412,0.1,0.0953947368421053,0.367734618656082,0.125,0.0374285714285714
0.588235294117647,0.176470588235294,0.0823529411764706,0.203947368421053,0.367734618656082,0.125,0.0428571428571429
0.588235294117647,0.205882352941176,0.0823529411764706,0.0822368421052632,0.391834420187128,0.125,0.0437142857142857
0.588235294117647,0.235294117647059,0.0882352941176471,0.128289473684211,0.391834420187128,0.125,0.0398571428571429
0.588235294117647,0.264705882352941,0.0647058823529412,0.213815789473684,0.384746243266232,0.125,0.0308571428571429
0.588235294117647,0.294117647058824,0.0588235294117647,0.273026315789474,0.384746243266232,0.125,0.037
0.588235294117647,0.323529411764706,0.0764705882352941,0.319078947368421,0.384746243266232,0.125,0.0308571428571429
0.588235294117647,0.352941176470588,0.0705882352941176,0.348684210526316,0.40601077402892,0.125,0.015
0.588235294117647,0.382352941176471,0.0705882352941176,0.220394736842105,0.40601077402892,0.125,0.0164285714285714
0.588235294117647,0.411764705882353,0.0705882352941176,0.3125,0.40601077402892,0.125,0.0281428571428571
0.588235294117647,0.441176470588235,0.0764705882352941,0.263157894736842,0.40601077402892,0.125,0.00128571428571429
0.588235294117647,0.470588235294118,0.0764705882352941,0.226973684210526,0.394669690955486,0.125,0.00857142857142857
0.588235294117647,0.5,0.0705882352941176,0.273026315789474,0.394669690955486,0.125,0.0128571428571429
0.588235294117647,0.529411764705882,0.0647058823529412,0.266447368421053,0.278423589452793,0.125,0.0162857142857143
0.588235294117647,0.558823529411765,0.0647058823529412,0.348684210526316,0.278423589452793,0.125,0.0168571428571429
0.588235294117647,0.588235294117647,0.0705882352941176,0.302631578947368,0.278423589452793,0.125,0.0252857142857143
0.588235294117647,0.617647058823529,0.0823529411764706,0.256578947368421,0.388999149418769,0.125,0.0212857142857143
0.588235294117647,0.647058823529412,0.0764705882352941,0.476973684210526,0.388999149418769,0.125,0.0181428571428571
0.588235294117647,0.676470588235294,0.0823529411764706,0.858552631578947,0.388999149418769,0.125,0.038
0.588235294117647,0.705882352941177,0.111764705882353,0.483552631578947,0.388999149418769,0.125,0.0314285714285714
0.588235294117647,0.735294117647059,0.117647058823529,0.404605263157895,0.35355826481429,0.125,0.0125714285714286
0.588235294117647,0.764705882352941,0.117647058823529,0.365131578947368,0.35355826481429,0.125,0.00571428571428571
0.588235294117647,0.794117647058823,0.129411764705882,0.233552631578947,0.35355826481429,0.125,0.00514285714285714
0.588235294117647,0.823529411764706,0.123529411764706,0.217105263157895,0.384746243266232,0.125,0.00342857142857143
0.588235294117647,0.852941176470588,0.117647058823529,0.348684210526316,0.350722994045931,0.125,0.00357142857142857
0.588235294117647,0.882352941176471,0.129411764705882,0.259868421052632,0.350722994045931,0.125,0.002
0.588235294117647,0.911764705882353,0.141176470588235,0.184210526315789,0.350722994045931,0.125,0.00185714285714286
0.588235294117647,0.941176470588235,0.152941176470588,0.157894736842105,0.367734618656082,0.125,0.00171428571428571
0.588235294117647,0.970588235294118,0.158823529411765,0.171052631578947,0.367734618656082,0.125,0.00114285714285714
0.588235294117647,1,0.152941176470588,0.161184210526316,0.367734618656082,0.125,0.000857142857142857
0.647058823529412,0,0.141176470588235,0.486842105263158,0.380493337113694,0.75,0.00342857142857143
0.647058823529412,0.0294117647058824,0.205882352941176,0.0953947368421053,0.394669690955486,0.75,0.00157142857142857
0.647058823529412,0.0588235294117647,0.147058823529412,0.0953947368421053,0.394669690955486,0.75,0.00142857142857143
0.647058823529412,0.0882352941176471,0.105882352941176,0.226973684210526,0.394669690955486,0.75,0.00285714285714286
0.647058823529412,0.117647058823529,0.0764705882352941,0.157894736842105,0.394669690955486,0.75,0.00628571428571429
0.647058823529412,0.147058823529412,0.0529411764705882,0.157894736842105,0.42302239863907,0.75,0.00971428571428571
0.647058823529412,0.176470588235294,0.0705882352941176,0.296052631578947,0.42302239863907,0.75,0.000285714285714286
0.647058823529412,0.205882352941176,0.135294117647059,0.167763157894737,0.384746243266232,0.75,0.00171428571428571
0.647058823529412,0.235294117647059,0.105882352941176,0.131578947368421,0.384746243266232,0.75,0.000571428571428571
0.647058823529412,0.264705882352941,0.0647058823529412,0.171052631578947,0.384746243266232,0.75,0.0202857142857143
0.647058823529412,0.294117647058824,0.0470588235294118,0.138157894736842,0.384746243266232,0.75,0.001
0.647058823529412,0.323529411764706,0.0294117647058824,0.171052631578947,0.384746243266232,0.75,0.000428571428571429
0.647058823529412,0.352941176470588,0.0352941176470588,0.203947368421053,0.366316983271902,0.75,0.00157142857142857
0.647058823529412,0.382352941176471,0.0294117647058824,0.286184210526316,0.366316983271902,0.75,0.00171428571428571
0.647058823529412,0.411764705882353,0.0294117647058824,0.286184210526316,0.366316983271902,0.75,0.00214285714285714
0.647058823529412,0.441176470588235,0.0470588235294118,0.286184210526316,0.366316983271902,0.75,0.000428571428571429
0.647058823529412,0.470588235294118,0.0941176470588235,0.210526315789474,0.319535015593989,0.75,0.000285714285714286
0.647058823529412,0.5,0.0823529411764706,0.217105263157895,0.319535015593989,0.75,0.000571428571428571
0.647058823529412,0.529411764705882,0.0588235294117647,0.338815789473684,0.319535015593989,0.75,0.000857142857142857
0.647058823529412,0.558823529411765,0.0588235294117647,0.217105263157895,0.319535015593989,0.75,0.00942857142857143
0.647058823529412,0.588235294117647,0.0764705882352941,0.342105263157895,0.328040827899064,0.75,0.00357142857142857
0.647058823529412,0.617647058823529,0.129411764705882,0.351973684210526,0.328040827899064,0.75,0.00471428571428571
0.647058823529412,0.647058823529412,0.129411764705882,0.358552631578947,0.376240430961157,0.75,0.0201428571428571
0.647058823529412,0.676470588235294,0.158823529411765,0.411184210526316,0.376240430961157,0.75,0.000285714285714286
0.647058823529412,0.705882352941177,0.305882352941176,0.430921052631579,0.376240430961157,0.75,0
0.647058823529412,0.735294117647059,0.323529411764706,0.394736842105263,0.376240430961157,0.75,0.000428571428571429
0.647058823529412,0.764705882352941,0.311764705882353,0.309210526315789,0.413098950949816,0.75,0.00814285714285714
0.647058823529412,0.794117647058823,0.311764705882353,0.230263157894737,0.413098950949816,0.75,0.000142857142857143
0.647058823529412,0.823529411764706,0.317647058823529,0.233552631578947,0.413098950949816,0.75,0.00971428571428571
0.647058823529412,0.852941176470588,0.352941176470588,0.309210526315789,0.413098950949816,0.75,0.00185714285714286
0.647058823529412,0.882352941176471,0.505882352941176,0.319078947368421,0.356393535582648,0.75,0.000714285714285714
0.647058823529412,0.911764705882353,0.670588235294118,0.289473684210526,0.356393535582648,0.75,0.007
0.647058823529412,0.941176470588235,0.805882352941176,0.1875,0.384746243266232,0.75,0.00371428571428571
0.647058823529412,0.970588235294118,0.829411764705882,0.203947368421053,0.384746243266232,0.75,0.000857142857142857
0.647058823529412,1,0.752941176470588,0.167763157894737,0.384746243266232,0.75,0.00271428571428571
0.705882352941177,0,0,0.460526315789474,0.415934221718174,0.375,0.351714285714286
0.705882352941177,0.0294117647058824,0,0.351973684210526,0.415934221718174,0.375,0.00828571428571429
0.705882352941177,0.0588235294117647,0,0.253289473684211,0.415934221718174,0.375,0.00542857142857143
0.705882352941177,0.0882352941176471,0.00588235294117647,0.243421052631579,0.505245250921463,0.375,0.00557142857142857
0.705882352941177,0.117647058823529,0,0.180921052631579,0.505245250921463,0.375,0.0138571428571429
0.705882352941177,0.147058823529412,0.00588235294117647,0.210526315789474,0.505245250921463,0.375,0.00614285714285714
0.705882352941177,0.176470588235294,0.0235294117647059,0.161184210526316,0.610150269350723,0.375,0.007
0.705882352941177,0.205882352941176,0.0235294117647059,0.240131578947368,0.610150269350723,0.375,0.00457142857142857
0.705882352941177,0.235294117647059,0.0705882352941176,0.217105263157895,0.610150269350723,0.375,0.007
0.705882352941177,0.264705882352941,0.0352941176470588,0.121710526315789,0.486815990927134,0.375,0.00828571428571429
0.705882352941177,0.294117647058824,0.0176470588235294,0.154605263157895,0.486815990927134,0.375,0.00842857142857143
0.705882352941177,0.323529411764706,0.00588235294117647,0.184210526315789,0.486815990927134,0.375,0.0201428571428571
0.705882352941177,0.352941176470588,0.00588235294117647,0.157894736842105,0.505245250921463,0.375,0.0114285714285714
0.705882352941177,0.382352941176471,0.00588235294117647,0.207236842105263,0.505245250921463,0.375,0.0132857142857143
0.705882352941177,0.411764705882353,0.00588235294117647,0.207236842105263,0.505245250921463,0.375,0.00414285714285714
0.705882352941177,0.441176470588235,0.00588235294117647,0.1875,0.505245250921463,0.375,0.0182857142857143
0.705882352941177,0.470588235294118,0.00588235294117647,0.296052631578947,0.505245250921463,0.375,0.0248571428571429
0.705882352941177,0.5,0.0470588235294118,0.236842105263158,0.505245250921463,0.375,0.0237142857142857
0.705882352941177,0.529411764705882,0.0176470588235294,0.256578947368421,0.542103770910122,0.375,0.0244285714285714
0.705882352941177,0.558823529411765,0.0117647058823529,0.3125,0.542103770910122,0.375,0.0467142857142857
0.705882352941177,0.588235294117647,0.0117647058823529,0.440789473684211,0.542103770910122,0.375,0.0272857142857143
0.705882352941177,0.617647058823529,0.0235294117647059,0.322368421052632,0.780266515452226,0.375,0.0217142857142857
0.705882352941177,0.647058823529412,0.0117647058823529,0.361842105263158,0.780266515452226,0.375,0.0428571428571429
0.705882352941177,0.676470588235294,0.00588235294117647,0.460526315789474,0.780266515452226,0.375,0.0282857142857143
0.705882352941177,0.705882352941177,0.0117647058823529,0.575657894736842,0.40601077402892,0.375,0.0321428571428571
0.705882352941177,0.735294117647059,0.0235294117647059,0.654605263157895,0.40601077402892,0.375,0.0715714285714286
0.705882352941177,0.764705882352941,0.0176470588235294,0.569078947368421,0.40601077402892,0.375,0.0624285714285714
0.705882352941177,0.794117647058823,0.1,0.490131578947368,0.500992344768925,0.375,0.0531428571428571
0.705882352941177,0.823529411764706,0.111764705882353,0.546052631578947,0.500992344768925,0.375,0.0532857142857143
0.705882352941177,0.852941176470588,0.129411764705882,0.661184210526316,0.500992344768925,0.375,0.0517142857142857
0.705882352941177,0.882352941176471,0.211764705882353,0.601973684210526,0.54635667706266,0.375,0.0505714285714286
0.705882352941177,0.911764705882353,0.205882352941176,0.628289473684211,0.54635667706266,0.375,0.042
0.705882352941177,0.941176470588235,0.329411764705882,0.338815789473684,0.54635667706266,0.375,0.0462857142857143
0.705882352941177,0.970588235294118,0.335294117647059,0.299342105263158,0.7207258293167,0.375,0.0518571428571429
0.705882352941177,1,0.241176470588235,0.601973684210526,0.7207258293167,0.375,0.0902857142857143
0.764705882352941,0,0.0470588235294118,0.625,0.688120215480578,0.875,0.00528571428571429
0.764705882352941,0.0294117647058824,0.0588235294117647,0.384868421052632,0.688120215480578,0.875,0.0181428571428571
0.764705882352941,0.0588235294117647,0.0529411764705882,0.157894736842105,0.688120215480578,0.875,0.00585714285714286
0.764705882352941,0.0882352941176471,0.0470588235294118,0.246710526315789,0.639920612418486,0.875,0.0148571428571429
0.764705882352941,0.117647058823529,0.0529411764705882,0.131578947368421,0.639920612418486,0.875,0.0151428571428571
0.764705882352941,0.147058823529412,0.0588235294117647,0.213815789473684,0.639920612418486,0.875,0.135142857142857
0.764705882352941,0.176470588235294,0.0941176470588235,0.1875,0.639920612418486,0.875,0.00371428571428571
0.764705882352941,0.205882352941176,0.0882352941176471,0.256578947368421,0.631414800113411,0.875,0.00842857142857143
0.764705882352941,0.235294117647059,0.0647058823529412,0.167763157894737,0.631414800113411,0.875,0.00657142857142857
0.764705882352941,0.264705882352941,0.0529411764705882,0.108552631578947,0.631414800113411,0.875,0.000285714285714286
0.764705882352941,0.294117647058824,0.0588235294117647,0.177631578947368,0.631414800113411,0.875,0.0571428571428571
0.764705882352941,0.323529411764706,0.0588235294117647,0.269736842105263,0.603062092429827,0.875,0.0108571428571429
0.764705882352941,0.352941176470588,0.0705882352941176,0.180921052631579,0.603062092429827,0.875,0.03
0.764705882352941,0.382352941176471,0.0647058823529412,0.282894736842105,0.603062092429827,0.875,0.000142857142857143
0.764705882352941,0.411764705882353,0.0529411764705882,0.236842105263158,0.603062092429827,0.875,0.00114285714285714
0.764705882352941,0.441176470588235,0.0470588235294118,0.203947368421053,0.54635667706266,0.875,0.000714285714285714
0.764705882352941,0.470588235294118,0.0411764705882353,0.240131578947368,0.54635667706266,0.875,0.000571428571428571
0.764705882352941,0.5,0.0647058823529412,0.210526315789474,0.54635667706266,0.875,0.00171428571428571
0.764705882352941,0.529411764705882,0.0588235294117647,0.197368421052632,0.54635667706266,0.875,0.00271428571428571
0.764705882352941,0.558823529411765,0.0470588235294118,0.444078947368421,0.583215197051318,0.875,0.00557142857142857
0.764705882352941,0.588235294117647,0.0470588235294118,0.302631578947368,0.583215197051318,0.875,0.001
0.764705882352941,0.617647058823529,0.1,0.332236842105263,0.583215197051318,0.875,0.00128571428571429
0.764705882352941,0.647058823529412,0.0882352941176471,0.338815789473684,0.583215197051318,0.875,0.00114285714285714
0.764705882352941,0.676470588235294,0.0882352941176471,0.404605263157895,0.621491352424157,0.875,0.0324285714285714
0.764705882352941,0.705882352941177,0.135294117647059,0.480263157894737,0.621491352424157,0.875,0.00128571428571429
0.764705882352941,0.735294117647059,0.105882352941176,0.398026315789474,0.621491352424157,0.875,0.0128571428571429
0.764705882352941,0.764705882352941,0.0882352941176471,0.391447368421053,0.621491352424157,0.875,0.00228571428571429
0.764705882352941,0.794117647058823,0.105882352941176,0.365131578947368,0.621491352424157,0.875,0.00557142857142857
0.764705882352941,0.823529411764706,0.111764705882353,0.253289473684211,0.621491352424157,0.875,0.000571428571428571
0.764705882352941,0.852941176470588,0.1,0.453947368421053,0.621491352424157,0.875,0.009
0.764705882352941,0.882352941176471,0.117647058823529,0.542763157894737,0.621491352424157,0.875,0.00242857142857143
0.764705882352941,0.911764705882353,0.152941176470588,0.470394736842105,0.54635667706266,0.875,0.0238571428571429
0.764705882352941,0.941176470588235,0.194117647058824,0.371710526315789,0.54635667706266,0.875,0.000428571428571429
0.764705882352941,0.970588235294118,0.176470588235294,0.302631578947368,0.54635667706266,0.875,0.00871428571428571
0.764705882352941,1,0.147058823529412,0.282894736842105,0.54635667706266,0.875,0.00528571428571429
0.823529411764706,0,0.105882352941176,0.615131578947368,0.624326623192515,0.875,0.031
0.823529411764706,0.0294117647058824,0.141176470588235,0.348684210526316,0.624326623192515,0.875,0.00457142857142857
0.823529411764706,0.0588235294117647,0.164705882352941,0.148026315789474,0.593138644740573,0.875,0.0338571428571429
0.823529411764706,0.0882352941176471,0.152941176470588,0.121710526315789,0.593138644740573,0.875,0.00142857142857143
0.823529411764706,0.117647058823529,0.147058823529412,0.197368421052632,0.593138644740573,0.875,0.009
0.823529411764706,0.147058823529412,0.0882352941176471,0.243421052631579,0.593138644740573,0.875,0.000285714285714286
0.823529411764706,0.176470588235294,0.111764705882353,0.240131578947368,0.571874113977885,0.875,0.003
0.823529411764706,0.205882352941176,0.147058823529412,0.240131578947368,0.595973915508931,0.875,0.000857142857142857
0.823529411764706,0.235294117647059,0.117647058823529,0.121710526315789,0.595973915508931,0.875,0.00128571428571429
0.823529411764706,0.264705882352941,0.105882352941176,0.230263157894737,0.595973915508931,0.875,0.001
0.823529411764706,0.294117647058824,0.1,0.167763157894737,0.611567904734902,0.875,0.000142857142857143
0.823529411764706,0.323529411764706,0.0882352941176471,0.253289473684211,0.611567904734902,0.875,0.000285714285714286
0.823529411764706,0.352941176470588,0.1,0.190789473684211,0.611567904734902,0.875,0.00114285714285714
0.823529411764706,0.382352941176471,0.0941176470588235,0.207236842105263,0.611567904734902,0.875,0.00157142857142857
0.823529411764706,0.411764705882353,0.0705882352941176,0.259868421052632,0.620073717039977,0.875,0.000142857142857143
0.823529411764706,0.441176470588235,0.0941176470588235,0.305921052631579,0.620073717039977,0.875,0.0155714285714286
0.823529411764706,0.470588235294118,0.123529411764706,0.236842105263158,0.620073717039977,0.875,0
0.823529411764706,0.5,0.129411764705882,0.157894736842105,0.620073717039977,0.875,0
0.823529411764706,0.529411764705882,0.111764705882353,0.184210526315789,0.662602778565353,0.875,0.00485714285714286
0.823529411764706,0.558823529411765,0.0882352941176471,0.325657894736842,0.662602778565353,0.875,0.00642857142857143
0.823529411764706,0.588235294117647,0.147058823529412,0.338815789473684,0.612985540119081,0.875,0.0345714285714286
0.823529411764706,0.617647058823529,0.158823529411765,0.292763157894737,0.612985540119081,0.875,0.000428571428571429
0.823529411764706,0.647058823529412,0.147058823529412,0.315789473684211,0.612985540119081,0.875,0.000428571428571429
0.823529411764706,0.676470588235294,0.117647058823529,0.421052631578947,0.593138644740573,0.875,0.00228571428571429
0.823529411764706,0.705882352941177,0.0941176470588235,0.417763157894737,0.593138644740573,0.875,0.014
0.823529411764706,0.735294117647059,0.0941176470588235,0.43421052631579,0.593138644740573,0.875,0.001
0.823529411764706,0.764705882352941,0.105882352941176,0.473684210526316,0.570456478593706,0.875,0.00328571428571429
0.823529411764706,0.794117647058823,0.129411764705882,0.421052631578947,0.570456478593706,0.875,0.00142857142857143
0.823529411764706,0.823529411764706,0.123529411764706,0.332236842105263,0.570456478593706,0.875,0.001
0.823529411764706,0.852941176470588,0.117647058823529,0.546052631578947,0.591721009356393,0.875,0.164285714285714
0.823529411764706,0.882352941176471,0.147058823529412,0.493421052631579,0.591721009356393,0.875,0.00771428571428571
0.823529411764706,0.911764705882353,0.182352941176471,0.378289473684211,0.591721009356393,0.875,0
0.823529411764706,0.941176470588235,0.205882352941176,0.388157894736842,0.639920612418486,0.875,0.00128571428571429
0.823529411764706,0.970588235294118,0.182352941176471,0.358552631578947,0.639920612418486,0.875,0.00114285714285714
0.823529411764706,1,0.164705882352941,0.338815789473684,0.639920612418486,0.875,0.0181428571428571
0.882352941176471,0,0.0470588235294118,0.253289473684211,0.286929401757868,0.5,0.000714285714285714
0.882352941176471,0.0294117647058824,0.0529411764705882,0.177631578947368,0.275588318684434,0.5,0.001
0.882352941176471,0.0588235294117647,0.0529411764705882,0.0756578947368421,0.275588318684434,0.5,0.005
0.882352941176471,0.0882352941176471,0.0470588235294118,0.118421052631579,0.275588318684434,0.5,0.00214285714285714
0.882352941176471,0.117647058823529,0.0294117647058824,0.125,0.275588318684434,0.5,0.000142857142857143
0.882352941176471,0.147058823529412,0.0352941176470588,0.144736842105263,0.296852849447122,0.5,0.000142857142857143
0.882352941176471,0.176470588235294,0.0235294117647059,0.161184210526316,0.296852849447122,0.5,0
0.882352941176471,0.205882352941176,0.0235294117647059,0.154605263157895,0.296852849447122,0.5,0.000142857142857143
0.882352941176471,0.235294117647059,0.0235294117647059,0.0723684210526316,0.296852849447122,0.5,0.000142857142857143
0.882352941176471,0.264705882352941,0,0.141447368421053,0.275588318684434,0.5,0.000142857142857143
0.882352941176471,0.294117647058824,0,0.157894736842105,0.275588318684434,0.5,0
0.882352941176471,0.323529411764706,0,0.236842105263158,0.275588318684434,0.5,0.000142857142857143
0.882352941176471,0.352941176470588,0,0.207236842105263,0.275588318684434,0.5,0.00457142857142857
0.882352941176471,0.382352941176471,0,0.197368421052632,0.288347037142047,0.5,0.000285714285714286
0.882352941176471,0.411764705882353,0,0.207236842105263,0.288347037142047,0.5,0
0.882352941176471,0.441176470588235,0,0.253289473684211,0.288347037142047,0.5,0
0.882352941176471,0.470588235294118,0,0.226973684210526,0.288347037142047,0.5,0.000142857142857143
0.882352941176471,0.5,0,0.174342105263158,0.281258860221151,0.5,0.000142857142857143
0.882352941176471,0.529411764705882,0,0.177631578947368,0.281258860221151,0.5,0
0.882352941176471,0.558823529411765,0,0.213815789473684,0.281258860221151,0.5,0.000142857142857143
0.882352941176471,0.588235294117647,0,0.3125,0.281258860221151,0.5,0.000428571428571429
0.882352941176471,0.617647058823529,0,0.315789473684211,0.245817975616671,0.5,0.000142857142857143
0.882352941176471,0.647058823529412,0,0.384868421052632,0.245817975616671,0.5,0
0.882352941176471,0.676470588235294,0,0.417763157894737,0.245817975616671,0.5,0.000142857142857143
0.882352941176471,0.705882352941177,0.0235294117647059,0.315789473684211,0.245817975616671,0.5,0.000142857142857143
0.882352941176471,0.735294117647059,0.0411764705882353,0.151315789473684,0.302523390983839,0.5,0.00114285714285714
0.882352941176471,0.764705882352941,0.0235294117647059,0.138157894736842,0.302523390983839,0.5,0.000285714285714286
0.882352941176471,0.794117647058823,0.0176470588235294,0.131578947368421,0.302523390983839,0.5,0.000285714285714286
0.882352941176471,0.823529411764706,0.0176470588235294,0.217105263157895,0.302523390983839,0.5,0.000142857142857143
0.882352941176471,0.852941176470588,0.0117647058823529,0.226973684210526,0.267082506379359,0.5,0.000285714285714286
0.882352941176471,0.882352941176471,0.0117647058823529,0.309210526315789,0.267082506379359,0.5,0
0.882352941176471,0.911764705882353,0.0235294117647059,0.282894736842105,0.267082506379359,0.5,0
0.882352941176471,0.941176470588235,0.0529411764705882,0.194078947368421,0.267082506379359,0.5,0.000285714285714286
0.882352941176471,0.970588235294118,0.0647058823529412,0.190789473684211,0.224553444853984,0.5,0
0.882352941176471,1,0.0529411764705882,0.207236842105263,0.224553444853984,0.5,0
0.941176470588235,0,0.0529411764705882,0.414473684210526,0.553444853983555,0.375,0.0115714285714286
0.941176470588235,0.0294117647058824,0.0823529411764706,0.296052631578947,0.553444853983555,0.375,0.0122857142857143
0.941176470588235,0.0588235294117647,0.0764705882352941,0.157894736842105,0.553444853983555,0.375,0.0148571428571429
0.941176470588235,0.0882352941176471,0.0588235294117647,0.157894736842105,0.553444853983555,0.375,0.0162857142857143
0.941176470588235,0.117647058823529,0.0470588235294118,0.197368421052632,0.508080521689821,0.375,0.0247142857142857
0.941176470588235,0.147058823529412,0.0529411764705882,0.233552631578947,0.508080521689821,0.375,0.0135714285714286
0.941176470588235,0.176470588235294,0.0647058823529412,0.174342105263158,0.508080521689821,0.375,0.0542857142857143
0.941176470588235,0.205882352941176,0.1,0.190789473684211,0.508080521689821,0.375,0.0225714285714286
0.941176470588235,0.235294117647059,0.1,0.118421052631579,0.465551460164446,0.375,0.0341428571428571
0.941176470588235,0.264705882352941,0.0764705882352941,0.128289473684211,0.465551460164446,0.375,0.0192857142857143
0.941176470588235,0.294117647058824,0.0647058823529412,0.213815789473684,0.465551460164446,0.375,0.0191428571428571
0.941176470588235,0.323529411764706,0.0941176470588235,0.230263157894737,0.465551460164446,0.375,0.036
0.941176470588235,0.352941176470588,0.117647058823529,0.164473684210526,0.465551460164446,0.375,0.0108571428571429
0.941176470588235,0.382352941176471,0.0823529411764706,0.200657894736842,0.59739155089311,0.375,0.0142857142857143
0.941176470588235,0.411764705882353,0.0705882352941176,0.253289473684211,0.59739155089311,0.375,0.0181428571428571
0.941176470588235,0.441176470588235,0.0647058823529412,0.223684210526316,0.703714204706549,0.375,0.0147142857142857
0.941176470588235,0.470588235294118,0.117647058823529,0.174342105263158,0.703714204706549,0.375,0.0174285714285714
0.941176470588235,0.5,0.123529411764706,0.25,0.703714204706549,0.375,0.0295714285714286
0.941176470588235,0.529411764705882,0.117647058823529,0.276315789473684,0.703714204706549,0.375,0.0432857142857143
0.941176470588235,0.558823529411765,0.129411764705882,0.305921052631579,0.532180323220868,0.375,0.0697142857142857
0.941176470588235,0.588235294117647,0.164705882352941,0.404605263157895,0.532180323220868,0.375,0.0874285714285714
0.941176470588235,0.617647058823529,0.182352941176471,0.328947368421053,0.532180323220868,0.375,0.154285714285714
0.941176470588235,0.647058823529412,0.129411764705882,0.398026315789474,0.532180323220868,0.375,0.0452857142857143
0.941176470588235,0.676470588235294,0.123529411764706,0.618421052631579,0.556280124751914,0.375,0.0924285714285714
0.941176470588235,0.705882352941177,0.188235294117647,0.891447368421053,0.595973915508931,0.375,0.0378571428571429
0.941176470588235,0.735294117647059,0.282352941176471,0.638157894736842,0.595973915508931,0.375,0.0208571428571429
0.941176470588235,0.764705882352941,0.305882352941176,0.618421052631579,0.595973915508931,0.375,0.064
0.941176470588235,0.794117647058823,0.3,0.365131578947368,0.595973915508931,0.375,0.059
0.941176470588235,0.823529411764706,0.270588235294118,0.539473684210526,0.485398355542954,0.375,0.181714285714286
0.941176470588235,0.852941176470588,0.329411764705882,0.6875,0.485398355542954,0.375,0.0742857142857143
0.941176470588235,0.882352941176471,0.529411764705882,0.486842105263158,0.485398355542954,0.375,0.0278571428571429
0.941176470588235,0.911764705882353,0.611764705882353,0.378289473684211,0.485398355542954,0.375,0.0354285714285714
0.941176470588235,0.941176470588235,0.658823529411765,0.246710526315789,0.340799546356677,0.375,0.0254285714285714
0.941176470588235,0.970588235294118,0.658823529411765,0.259868421052632,0.340799546356677,0.375,0.182571428571429
0.941176470588235,1,0.676470588235294,0.296052631578947,0.340799546356677,0.375,0.0425714285714286
1,0,0.188235294117647,0.358552631578947,0.607314998582365,0,0.0665714285714286
1,0.0294117647058824,0.170588235294118,0.167763157894737,0.607314998582365,0,0.17
1,0.0588235294117647,0.164705882352941,0.121710526315789,0.578962290898781,0,0.0798571428571429
1,0.0882352941176471,0.311764705882353,0.108552631578947,0.578962290898781,0,0.0651428571428571
1,0.117647058823529,0.247058823529412,0.0855263157894737,0.607314998582365,0,0.0755714285714286
1,0.147058823529412,0.235294117647059,0.144736842105263,0.607314998582365,0,0.088
1,0.176470588235294,0.247058823529412,0.207236842105263,0.607314998582365,0,0.0444285714285714
1,0.205882352941176,0.388235294117647,0.184210526315789,0.607314998582365,0,0.0625714285714286
1,0.235294117647059,0.311764705882353,0.125,0.810036858519989,0,0.176571428571429
1,0.264705882352941,0.317647058823529,0.144736842105263,0.810036858519989,0,0.0487142857142857
1,0.294117647058824,0.382352941176471,0.131578947368421,0.791607598525659,0,0.0405714285714286
1,0.323529411764706,0.317647058823529,0.131578947368421,0.791607598525659,0,0.0452857142857143
1,0.352941176470588,0.323529411764706,0.134868421052632,0.848313013892827,0,0.0381428571428571
1,0.382352941176471,0.294117647058824,0.138157894736842,0.848313013892827,0,0.055
1,0.411764705882353,0.258823529411765,0.151315789473684,0.848313013892827,0,0.0541428571428571
1,0.441176470588235,0.217647058823529,0.194078947368421,0.848313013892827,0,0.057
1,0.470588235294118,0.217647058823529,0.1875,0.791607598525659,0,0.0908571428571429
1,0.5,0.205882352941176,0.233552631578947,0.791607598525659,0,0.103285714285714
1,0.529411764705882,0.2,0.273026315789474,0.706549475474908,0,0.0878571428571429
1,0.558823529411765,0.282352941176471,0.289473684210526,0.706549475474908,0,0.134285714285714
1,0.588235294117647,0.341176470588235,0.236842105263158,0.64984406010774,0,0.0954285714285714
1,0.617647058823529,0.323529411764706,0.203947368421053,0.64984406010774,0,0.0522857142857143
1,0.647058823529412,0.282352941176471,0.299342105263158,0.678196767791324,0,0.0892857142857143
1,0.676470588235294,0.323529411764706,0.457236842105263,0.678196767791324,0,0.0874285714285714
1,0.705882352941177,0.488235294117647,0.394736842105263,0.763254890842075,0,0.0575714285714286
1,0.735294117647059,0.447058823529412,0.282894736842105,0.763254890842075,0,0.0425714285714286
1,0.764705882352941,0.405882352941176,0.309210526315789,0.749078537000283,0,0.0364285714285714
1,0.794117647058823,0.352941176470588,0.348684210526316,0.749078537000283,0,0.039
1,0.823529411764706,0.341176470588235,0.467105263157895,0.706549475474908,0,0.0325714285714286
1,0.852941176470588,0.411764705882353,0.539473684210526,0.706549475474908,0,0.0331428571428571
1,0.882352941176471,0.441176470588235,0.43421052631579,0.536433229373405,0,0.0265714285714286
1,0.911764705882353,0.558823529411765,0.299342105263158,0.536433229373405,0,0.0144285714285714
1,0.941176470588235,0.558823529411765,0.200657894736842,0.536433229373405,0,0.0274285714285714
1,0.970588235294118,0.435294117647059,0.236842105263158,0.536433229373405,0,0.0127142857142857
1,1,0.417647058823529,0.213815789473684,0.550609583215197,0,0.0104285714285714
